ABSH01,—Y•,OMU,44.5276,142.8444,105,100,–kC“Ή,HOKKAIDO,44.5253,142.8483,KiK-net06,,,N.OUMH,2000/08/14
ABSH02,‹»•”Ό,OKOPPE-W,44.4234,143.0264,38,113,–kC“Ή,HOKKAIDO,44.4210,143.0304,KiK-net06,,,N.OPWH,2000/08/14
ABSH03,‹»•”“,OKOPPE-E,44.3843,143.2407,30,100,–kC“Ή,HOKKAIDO,44.3819,143.2446,KiK-net06,,,N.OPEH,2000/08/14
ABSH04,‘κγ–k,TAKINOUE-N,44.1920,143.0767,134,200,–kC“Ή,HOKKAIDO,44.1896,143.0806,KiK-net06,,,N.TUNH,2000/08/14
ABSH05,‘κγ“μ,TAKINOUE-S,44.1146,143.0111,255,106,–kC“Ή,HOKKAIDO,44.1123,143.0149,KiK-net06,,,N.TUSH,2000/08/14
ABSH06,—N•Κ–k,YUBETSU-N,44.2146,143.6202,7,100,–kC“Ή,HOKKAIDO,44.2122,143.6242,KiK-net06,,,N.YBNH,2000/09/06
ABSH07,”’‘κ,SHIRATAKI,43.8494,143.0861,699,127,–kC“Ή,HOKKAIDO,43.8469,143.0900,KiK-net06,,,N.STKH,2000/08/14
ABSH08,Ξ—Ά–k,SHARI-N,44.0640,144.9935,65,105,–kC“Ή,HOKKAIDO,44.0616,144.9976,KiK-net06,,,N.SYNH,2000/08/14
ABSH09,Ξ—Ά“μ,SHARI-S,43.9269,144.8071,40,157,–kC“Ή,HOKKAIDO,43.9244,144.8111,KiK-net06,,,N.SYSH,2000/08/14
ABSH10,²CΤ,SAROMA,44.0813,143.9455,5,300,–kC“Ή,HOKKAIDO,44.0789,143.9494,KiK-net06,,,N.SRMH,2000/08/14
ABSH11,—–•Κ,MEMAMBETSU,43.9144,144.1913,40,122,–kC“Ή,HOKKAIDO,43.9119,144.1953,KiK-net06,,,N.MMBH,2000/08/14
ABSH12,¬΄…,KOSHIMIZU,43.8566,144.4574,25,120,–kC“Ή,HOKKAIDO,43.8542,144.4614,KiK-net06,,,N.KMZH,2000/08/14
ABSH13,—―•ΣεA,RUBESHIBE,43.7419,143.4514,321,105,–kC“Ή,HOKKAIDO,43.7394,143.4553,KiK-net06,,,N.RBSH,2000/08/14
ABSH14,”ό–y,BIHORO,43.7228,144.1835,87,103,–kC“Ή,HOKKAIDO,43.7203,144.1875,KiK-net06,,,N.BHRH,2000/08/14
ABSH15,’uΛ“,OKETO-E,43.6352,143.5100,292,100,–kC“Ή,HOKKAIDO,43.6328,143.5139,KiK-net06,,,N.OKEH,2000/08/14
AICH04,ΐι,ANJO,34.9319,137.0568,5,1055,¤’m§,AICHIKEN,34.9286,137.0597,KiK-net06,,,N.ANJH,2000/08/14
AICH05,ν,TOKONAME,34.8886,136.8763,50,401,¤’m§,AICHIKEN,34.8854,136.8792,KiK-net11A,,,N.TKNH,2000/08/14
AICH06,­”ό,ATSUMI,34.6158,137.0419,5,300,¤’m§,AICHIKEN,34.6125,137.0449,KiK-net11A,,,N.ATMH,2000/08/14
AICH07,®,ASAHI,35.2194,137.4039,621,201,¤’m§,AICHIKEN,35.2161,137.4069,KiK-net11A,,,N.ASHH,2000/08/14
AICH08,z“c,NUKATA,34.9189,137.2993,90,100,¤’m§,AICHIKEN,34.9157,137.3023,KiK-net11A,,,N.NUKH,2000/08/14
AICH09,–L‹΄,TOYOHASHI,34.6643,137.3902,60,360,¤’m§,AICHIKEN,34.6610,137.3932,KiK-net11A,,,N.TYHH,2000/08/14
AICH10,–P—,HORAI,35.0002,137.6243,160,100,¤’m§,AICHIKEN,34.9969,137.6273,KiK-net11A,,,N.HOUH,2000/08/14
AICH11,t“ϊδ,KASUGAI,35.3059,137.0570,162,100,¤’m§,AICHIKEN,35.3027,137.0600,KiK-net11A,,,N.KGIH,2000/08/14
AICH12,”¦“¤,HAZU,34.7884,137.1057,10,401,¤’m§,AICHIKEN,34.7852,137.1087,KiK-net11A,,,N.HAZH,2000/08/14
AICH13,΄F,KIYOSU,35.2177,136.8509,5,741,¤’m§,AICHIKEN,35.2144,136.8539,KiK-net06,,,N.KYSH,2001/05/29
AICH14,’·‹vθ,NAGAKUTE,35.1842,137.0474,60,207,¤’m§,AICHIKEN,35.1810,137.0504,KiK-net06,,,N.NGKH,2003/02/08
AICH15,‘«•,ASUKE,35.1392,137.3359,150,120,¤’m§,AICHIKEN,35.1359,137.3389,KiK-net06,,,N.ASUH,2003/03/06
AICH16,έy,SHITARA,35.1543,137.5350,655,101,¤’m§,AICHIKEN,35.1511,137.5380,KiK-net06,,,N.STRH,2003/02/11
AICH17,–L,TOYONE,35.1840,137.7268,755,101,¤’m§,AICHIKEN,35.1808,137.7298,KiK-net06,,,N.TYEH,2003/02/11
AICH18,‰θ,OKAZAKI,34.9635,137.2377,200,100,¤’m§,AICHIKEN,34.9603,137.2406,KiK-net06,,,N.OKZH,2003/02/01
AICH19,μθ,TSUKUDE,34.9512,137.4114,545,100,¤’m§,AICHIKEN,34.9479,137.4144,KiK-net06,,,N.TDEH,2003/01/29
AICH20,Vι,SHINSHIRO,34.8976,137.4876,55,100,¤’m§,AICHIKEN,34.8943,137.4906,KiK-net06,,,N.SSRH,2003/02/08
AICH21,“μ’m‘½,MINAMICHITA,34.7401,136.9385,20,100,¤’m§,AICHIKEN,34.7368,136.9415,KiK-net06,,,N.MCTH,2003/01/30
AICH22,–L‹΄–k,TOYOHASHI-N,34.7853,137.4393,30,200,¤’m§,AICHIKEN,34.7821,137.4423,KiK-net06,,,N.THNH,2003/02/04
AICH23,ν2,TOKONAME2,34.8806,136.8316,3,980,¤’m§,AICHIKEN,34.8774,136.8345,KiK-net11A,,,N.TK2H,2015/03/10
AKTH01,Ό–Ψ–k,NISHIKI-N,39.8147,140.5790,318,100,H“c§,AKITAKEN,39.8119,140.5825,KiK-net06,,,N.NSNH,2000/08/14
AKTH02,Ό–Ψ“μ,NISHIKI-S,39.6634,140.5721,95,100,H“c§,AKITAKEN,39.6606,140.5756,KiK-net06,,,N.NSSH,2000/08/14
AKTH03,–ξ“‡,YAJIMA,39.2223,140.1283,145,103,H“c§,AKITAKEN,39.2194,140.1317,KiK-net11A,,,N.YJMH,2000/08/14
AKTH04,“¬£,HIGASHINARUSE,39.1740,140.7129,280,100,H“c§,AKITAKEN,39.1711,140.7164,KiK-net06,,,N.HNRH,2000/08/14
AKTH05,’ΉC,CHOKAI,39.0718,140.3185,275,200,H“c§,AKITAKEN,39.0689,140.3219,KiK-net06,,,N.CHKH,2000/08/14
AKTH06,—Y,OGACHI,38.9801,140.4952,285,100,H“c§,AKITAKEN,38.9772,140.4986,KiK-net06,,,N.OGCH,2000/08/14
AKTH07,¬β,KOSAKA,40.4563,140.8395,405,105,H“c§,AKITAKEN,40.4536,140.8431,KiK-net06,,,N.KOSH,2000/08/14
AKTH08,“΅—Ά,FUJISATO,40.3188,140.2341,125,200,H“c§,AKITAKEN,40.3161,140.2375,KiK-net06,,,N.FSTH,2000/08/14
AKTH09,“c‘γ,TASHIRO,40.2755,140.4596,45,101,H“c§,AKITAKEN,40.2728,140.4631,KiK-net06,,,N.TSRH,2000/08/14
AKTH10,‘εΩ,ODATE,40.3002,140.5812,85,100,H“c§,AKITAKEN,40.2975,140.5847,KiK-net06,,,N.ODTH,2000/08/14
AKTH11,’j­,OGA,39.9554,139.7623,56,350,H“c§,AKITAKEN,39.9527,139.7657,KiK-net06,,,N.OGAH,2000/08/14
AKTH12,άι–Ϊ,GOJOME,39.9155,140.2221,90,100,H“c§,AKITAKEN,39.9128,140.2256,KiK-net11A,,,N.GJOH,2000/08/14
AKTH13,Άm,ANI,39.9819,140.4072,145,100,H“c§,AKITAKEN,39.9791,140.4107,KiK-net06,,,N.ANIH,2000/08/14
AKTH14,­p,KAZUNO,40.0622,140.8084,320,108,H“c§,AKITAKEN,40.0594,140.8119,KiK-net11A,,,N.KZNH,2000/08/14
AKTH15,‹¦a,KYOWA,39.6884,140.4075,165,100,H“c§,AKITAKEN,39.6857,140.4110,KiK-net11A,,,N.KWAH,2000/08/14
AKTH16,Όε–k,NISHISEMBOKU,39.5450,140.3481,20,154,H“c§,AKITAKEN,39.5422,140.3515,KiK-net06,,,N.NSBH,2000/08/14
AKTH17,’†ε,NAKASEN,39.5575,140.6116,95,177,H“c§,AKITAKEN,39.5547,140.6150,KiK-net11A,,,N.NSEH,2000/08/14
AKTH18,‘εX,OMORI,39.3548,140.3869,65,100,H“c§,AKITAKEN,39.3519,140.3903,KiK-net06,,,N.OMRH,2000/08/14
AKTH19,“’‘ς,YUZAWA,39.1913,140.4710,74,180,H“c§,AKITAKEN,39.1885,140.4744,KiK-net06,,,N.YUZH,2000/08/14
AOMH01,‘εΤ,OMA,41.5273,140.9127,10,100,ΒX§,AOMORIKEN,41.5246,140.9163,KiK-net06,,,N.OOMH,2000/08/14
AOMH02,²δ,SAI,41.4049,140.8567,30,200,ΒX§,AOMORIKEN,41.4023,140.8603,KiK-net06,,,N.SAIH,2000/08/14
AOMH03,μ“ΰ,KAWAUCHI,41.2340,140.9896,20,100,ΒX§,AOMORIKEN,41.2313,140.9932,KiK-net06,,,N.KUCH,2000/08/14
AOMH04,ΒX,AOMORI,40.8524,140.6759,10,307,ΒX§,AOMORIKEN,40.8497,140.6794,KiK-net06,,,N.AOMH,2000/08/14
AOMH05,–μ•Σ’n,NOHEJI,40.8564,141.1033,45,312,ΒX§,AOMORIKEN,40.8537,141.1069,KiK-net06,,,N.NHJH,2000/08/14
AOMH06,Zƒ–,ROKKASHO,40.9664,141.3738,5,100,ΒX§,AOMORIKEN,40.9638,141.3774,KiK-net06,,,N.RKSH,2000/08/14
AOMH07,[‰Y,FUKAURA,40.7451,140.0233,35,109,ΒX§,AOMORIKEN,40.7424,140.0268,KiK-net11,,,N.FKUH,2000/08/14
AOMH08,ιΛƒ–‘ς,AJIGASAWA,40.7618,140.3121,50,160,ΒX§,AOMORIKEN,40.7592,140.3156,KiK-net06,,,N.AJSH,2000/08/14
AOMH09,β–Ψ,IWAKI,40.6199,140.3499,160,162,ΒX§,AOMORIKEN,40.6172,140.3533,KiK-net06,,,N.IKIH,2000/08/14
AOMH10,•Ξ,KUROISHI,40.6091,140.6646,102,106,ΒX§,AOMORIKEN,40.6064,140.6681,KiK-net11A,,,N.KRIH,2000/08/14
AOMH11,\a“cΞΌ,TOWADAKO-W,40.5800,140.9950,240,100,ΒX§,AOMORIKEN,40.5773,140.9986,KiK-net06,,,N.TWWH,2000/08/14
AOMH12,\a“cΞ“,TOWADAKO-E,40.5846,141.1547,85,100,ΒX§,AOMORIKEN,40.5819,141.1582,KiK-net06,,,N.TWEH,2000/08/14
AOMH13,”Λ,HACHINOHE,40.5794,141.4451,10,150,ΒX§,AOMORIKEN,40.5767,141.4487,KiK-net06,,,N.HHEH,2000/08/14
AOMH14,Ό–Ϊ‰®,NISHIMEYA,40.5488,140.2726,158,100,ΒX§,AOMORIKEN,40.5461,140.2761,KiK-net06,,,N.NYAH,2000/08/14
AOMH15,‘εk,OWANI,40.4841,140.5565,130,100,ΒX§,AOMORIKEN,40.4814,140.5600,KiK-net06,,,N.OWNH,2000/08/14
AOMH16,V‹½,SHINGO,40.4624,141.0923,315,150,ΒX§,AOMORIKEN,40.4597,141.0958,KiK-net06,,,N.SHGH,2000/08/14
AOMH17,–Όμ,NAGAWA,40.4492,141.3374,65,114,ΒX§,AOMORIKEN,40.4465,141.3409,KiK-net06,,,N.NWAH,2000/08/14
AOMH18,“cq,TATSUKO,40.2962,141.0145,235,100,ΒX§,AOMORIKEN,40.2934,141.0180,KiK-net06,,,N.TTKH,2000/08/14
CHBH04,‰Ί‘,SHIMOSA,35.7966,140.0206,23,2300,η—t§,CHIBAKEN,35.7934,140.0238,KiK-net06,,,N.SHMH,2003/04/04
CHBH06,‘xΊ,SOSA,35.7215,140.5046,35,180,η—t§,CHIBAKEN,35.7183,140.5079,KiK-net11,,,N.SSAH,2013/02/25
CHBH10,η—t,CHIBA,35.5458,140.2417,65,2000,η—t§,CHIBAKEN,35.5425,140.2450,KiK-net06,,,N.CBAH,2003/03/05
CHBH11,—{V,YORO,35.2867,140.1529,80,2000,η—t§,CHIBAKEN,35.2834,140.1562,KiK-net06,,,N.YROH,2003/03/05
CHBH12,•x’Γ,FUTTSU,35.3445,139.8554,3,2000,η—t§,CHIBAKEN,35.3412,139.8586,KiK-net06,,,N.FUTH,2003/03/05
CHBH13,¬“c,NARITA,35.8307,140.2980,12,1300,η—t§,CHIBAKEN,35.8275,140.3013,KiK-net06,,,N.NRTH,2003/03/05
CHBH14,’¶q’†,CHOSHI-C,35.7342,140.8230,2,525,η—t§,CHIBAKEN,35.7309,140.8263,KiK-net11A,,,N.CH2H,2003/03/14
CHBH15,ΩRΌ,TATEYAMA-W,34.9591,139.7885,30,500,η—t§,CHIBAKEN,34.9558,139.7917,KiK-net11A,,,N.TY2H,2003/03/11
CHBH16,›μ,KAMOGAWA,35.1384,139.9649,160,2003,η—t§,CHIBAKEN,35.1351,139.9681,KiK-net11A,,,N.KMWH,2003/09/01
CHBH17,‰Y“,KATSURA-E,35.1714,140.3398,10,822,η—t§,CHIBAKEN,35.1681,140.3431,KiK-net11A,,,N.KT2H,2004/05/11
CHBH19,@ΐ,HASUNUMA,35.5943,140.5107,1,1630,η—t§,CHIBAKEN,35.5911,140.5140,KiK-net06,,,N.HSNH,2006/11/30
CHBH20,›μ“μ,KAMOGAWA-S,35.0882,140.0997,28,306,η—t§,CHIBAKEN,35.0848,140.1029,KiK-net06,,,N.KMSH,2008/07/24
EHMH01,’Γ“‡,TSUSHIMA,33.0556,132.5552,375,100,¤•Q§,EHIMEKEN,33.0522,132.5577,KiK-net11A,,,N.TSMH,2000/08/14
EHMH02,Όπ,SAIJO,33.8650,133.1840,75,110,¤•Q§,EHIMEKEN,33.8617,133.1866,KiK-net11A,,,N.SJOH,2000/08/14
EHMH03,V‹{,SHINGU,33.9154,133.6497,305,100,¤•Q§,EHIMEKEN,33.9121,133.6523,KiK-net11A,,,N.SINH,2000/08/14
EHMH04,’O΄,TAMBARA,33.9023,133.0658,15,200,¤•Q§,EHIMEKEN,33.8990,133.0684,KiK-net11A,,,N.TBRH,2000/08/14
EHMH05,“u•”,TOBE,33.7112,132.8032,140,134,¤•Q§,EHIMEKEN,33.7079,132.8057,KiK-net11A,,,N.TBEH,2000/08/14
EHMH06,“ϊ‹g,HIYOSHI,33.3348,132.7980,230,200,¤•Q§,EHIMEKEN,33.3314,132.8005,KiK-net11A,,,N.HIYH,2000/08/14
EHMH07,‰Ν•Σ,KAWABE,33.5022,132.7480,290,200,¤•Q§,EHIMEKEN,33.4988,132.7505,KiK-net11A,,,N.KWBH,2000/08/14
EHMH08,–φ’J,YANADANI,33.5388,133.0016,455,100,¤•Q§,EHIMEKEN,33.5354,133.0042,KiK-net06,,,N.YNDH,2000/09/01
EHMH09,Ι•ϋ,IKATA,33.4719,132.3072,5,150,¤•Q§,EHIMEKEN,33.4686,132.3097,KiK-net06,,,N.IKTH,2000/12/05
EHMH10,‹{E,MIYAKUBO,34.1918,133.0581,5,100,¤•Q§,EHIMEKEN,34.1886,133.0607,KiK-net06,,,N.MYKH,2002/03/11
EHMH11,‘εF,OHZU,33.5807,132.6011,210,100,¤•Q§,EHIMEKEN,33.5774,132.6036,KiK-net06,,,N.OOZH,2002/03/11
EHMH12,‰Fa,UWA,33.4270,132.5055,250,150,¤•Q§,EHIMEKEN,33.4236,132.5080,KiK-net06,,,N.UWAH,2002/03/12
EHMH13,Oθ,MISAKI,33.3719,132.1157,10,222,¤•Q§,EHIMEKEN,33.3685,132.1182,KiK-net06,,,N.MISH,2004/02/27
FKIH01,‰i•½›,EIHEIJI,36.0955,136.3617,65,100,•δ§,FUKUIKEN,36.0924,136.3646,KiK-net06,,,N.EIHH,2000/08/14
FKIH02,D“c,OTA,35.9483,136.0556,120,100,•δ§,FUKUIKEN,35.9452,136.0584,KiK-net06,,,N.OTAH,2000/08/14
FKIH03,aς,IZUMI,35.9415,136.6990,510,200,•δ§,FUKUIKEN,35.9383,136.7019,KiK-net06,,,N.IZUH,2000/08/14
FKIH04,O•ϋ,MIKATA,35.5587,135.8694,3,200,•δ§,FUKUIKEN,35.5556,135.8722,KiK-net06,,,N.MIKH,2000/08/14
FKIH05,“Φ‰κ,TSURUGA,35.6390,136.0303,10,122,•δ§,FUKUIKEN,35.6358,136.0331,KiK-net06,,,N.TRGH,2000/08/14
FKIH06,‚•l,TAKAHAMA,35.4907,135.4841,160,100,•δ§,FUKUIKEN,35.4875,135.4869,KiK-net06,,,N.TKHH,2000/08/14
FKIH07,¬•l,OBAMA,35.4573,135.7266,43,104,•δ§,FUKUIKEN,35.4542,135.7294,KiK-net06,,,N.OBMH,2000/08/14
FKOH01,–k‹γB,KITAKYUSHU,33.8849,130.9798,15,200,•‰§,FUKUOKAKEN,33.8817,130.9822,KiK-net06,,,N.KKYH,2000/08/14
FKOH02,α‹{,WAKAMIYA,33.6963,130.5963,74,100,•‰§,FUKUOKAKEN,33.6931,130.5986,KiK-net06,,,N.WKMH,2000/08/14
FKOH03,‰F”ό,UMI,33.5608,130.5499,185,100,•‰§,FUKUOKAKEN,33.5575,130.5522,KiK-net11A,,,N.UMIH,2000/08/14
FKOH04,‰Γ•δ,KAHO,33.5512,130.7451,60,100,•‰§,FUKUOKAKEN,33.5479,130.7475,KiK-net06,,,N.KAHH,2000/08/14
FKOH05,μ,SAIGAWA,33.5293,130.9503,370,100,•‰§,FUKUOKAKEN,33.5260,130.9526,KiK-net06,,,N.SGWH,2000/08/14
FKOH06,–L‘O,BUZEN,33.5925,131.1348,35,303,•‰§,FUKUOKAKEN,33.5892,131.1372,KiK-net06,,,N.BZNH,2000/08/14
FKOH07,‘ε“τ,TACHIARAI,33.3678,130.6354,15,437,•‰§,FUKUOKAKEN,33.3644,130.6378,KiK-net06,,,N.TARH,2000/08/14
FKOH08,¬Ξ΄,KOISHIWARA,33.4654,130.8285,480,100,•‰§,FUKUOKAKEN,33.4621,130.8308,KiK-net06,,,N.KIWH,2000/08/14
FKOH09,ΊC,GENKAI,33.8501,130.5432,25,200,•‰§,FUKUOKAKEN,33.8469,130.5456,KiK-net06,,,N.GENH,2000/08/14
FKOH10,•‚‰H,UKIHA,33.2891,130.8170,190,200,•‰§,FUKUOKAKEN,33.2858,130.8194,KiK-net06,,,N.UKHH,2002/03/27
FKSH01,Ό‰ο’Γ,NISHIAIZU,37.7565,139.7150,438,100,•“‡§,FUKUSHIMAKEN,37.7535,139.7183,KiK-net06,,,N.NAZH,2000/08/14
FKSH02,”M‰–‰Α”[,ATSUSHIOKANO,37.7317,139.8821,330,100,•“‡§,FUKUSHIMAKEN,37.7287,139.8855,KiK-net06,,,N.ATKH,2000/08/14
FKSH03,‚‹½,TAKASATO,37.6078,139.7533,225,127,•“‡§,FUKUSHIMAKEN,37.6048,139.7566,KiK-net11A,,,N.TSTH,2000/08/14
FKSH04,‰ο’Γ‚“c,AIZUTAKADA,37.4508,139.8126,278,268,•“‡§,FUKUSHIMAKEN,37.4478,139.8159,KiK-net06,,,N.ATDH,2000/08/14
FKSH05,‰Ί‹½,SHIMOGO,37.2544,139.8725,496,105,•“‡§,FUKUSHIMAKEN,37.2513,139.8758,KiK-net11A,,,N.SMGH,2000/08/14
FKSH06,Ι“μ,INA,37.1723,139.5199,572,100,•“‡§,FUKUSHIMAKEN,37.1692,139.5231,KiK-net06,,,N.INAH,2000/08/14
FKSH07,w}ς,HINOEMATA,37.0103,139.3755,974,200,•“‡§,FUKUSHIMAKEN,37.0072,139.3788,KiK-net06,,,N.HMTH,2000/08/14
FKSH08,’·ΐ,NAGANUMA,37.2822,140.2144,343,105,•“‡§,FUKUSHIMAKEN,37.2792,140.2178,KiK-net11A,,,N.NNMH,2000/08/14
FKSH09,SR,KORIYAMA,37.3530,140.4264,260,200,•“‡§,FUKUSHIMAKEN,37.3500,140.4297,KiK-net06,,,N.KRYH,2000/08/14
FKSH10,Ό‹½,NISHIGO,37.1616,140.0930,565,200,•“‡§,FUKUSHIMAKEN,37.1585,140.0963,KiK-net06,,,N.NGUH,2000/08/14
FKSH11,–ξ,YABUKI,37.2006,140.3386,286,115,•“‡§,FUKUSHIMAKEN,37.1976,140.3420,KiK-net06,,,N.YBKH,2000/08/14
FKSH12,•½“c,HIRATA,37.2169,140.5703,470,105,•“‡§,FUKUSHIMAKEN,37.2139,140.5736,KiK-net11,,,N.HTAH,2000/08/14
FKSH13,‚Ά‚ν‚«Ό,IWAKI-W,36.9951,140.5853,580,105,•“‡§,FUKUSHIMAKEN,36.9919,140.5886,KiK-net11A,,,N.IWWH,2000/08/14
FKSH14,‚Ά‚ν‚«“,IWAKI-E,37.0264,140.9702,3,147,•“‡§,FUKUSHIMAKEN,37.0233,140.9736,KiK-net06,,,N.IWEH,2000/08/14
FKSH15,’–•c‘γ,INAWASHIRO,37.6461,140.1735,757,100,•“‡§,FUKUSHIMAKEN,37.6431,140.1768,KiK-net06,,,N.INWH,2000/08/14
FKSH16,•“‡,FUKUSHIMA,37.7643,140.3766,135,300,•“‡§,FUKUSHIMAKEN,37.7613,140.3800,KiK-net11A,,,N.FKSH,2000/08/14
FKSH17,μ–“,KAWAMATA,37.6636,140.5974,205,100,•“‡§,FUKUSHIMAKEN,37.6606,140.6008,KiK-net06,,,N.KMAH,2000/08/14
FKSH18,Ot,MIHARU,37.4894,140.5380,410,100,•“‡§,FUKUSHIMAKEN,37.4864,140.5414,KiK-net11,,,N.MRUH,2000/08/14
FKSH19,“sH,MIYAKOJI,37.4703,140.7227,510,100,•“‡§,FUKUSHIMAKEN,37.4672,140.7261,KiK-net06,,,N.MKJH,2000/08/14
FKSH20,Q],NAMIE,37.4911,140.9871,12,109,•“‡§,FUKUSHIMAKEN,37.4881,140.9906,KiK-net06,,,N.NMEH,2000/08/14
FKSH21,‘ό©,TADAMI,37.3421,139.3147,375,200,•“‡§,FUKUSHIMAKEN,37.3392,139.3179,KiK-net06,,,N.TDMH,2000/08/14
GIFH03,”φ,NEO,35.6325,136.6134,170,100,ς•§,GIFUKEN,35.6294,136.6164,KiK-net11A,,,N.NEOH,2000/08/14
GIFH04,Γμ,FURUKAWA,36.2448,137.1983,572,100,ς•§,GIFUKEN,36.2417,137.2013,KiK-net11A,,,N.FRKH,2000/08/14
GIFH05,‘‘μ,SHOKAWA,36.0654,136.9479,839,100,ς•§,GIFUKEN,36.0622,136.9508,KiK-net11A,,,N.SYKH,2000/08/14
GIFH06,‚•x,TAKATOMI,35.5038,136.7939,39,202,ς•§,GIFUKEN,35.5006,136.7969,KiK-net11A,,,N.TKTH,2000/08/14
GIFH07,t“ϊ,KASUGA,35.4179,136.4347,410,100,ς•§,GIFUKEN,35.4147,136.4376,KiK-net06,,,N.KSGH,2000/08/14
GIFH08,‘εa,YAMATO,35.8323,136.9621,515,100,ς•§,GIFUKEN,35.8291,136.9651,KiK-net11A,,,N.YMTH,2000/08/14
GIFH09,‰H“‡,HASHIMA,35.2768,136.7002,5,1508,ς•§,GIFUKEN,35.2736,136.7031,KiK-net06,,,N.HMAH,2000/08/14
GIFH10,_‰,KAMIOKA,36.3779,137.3716,910,100,ς•§,GIFUKEN,36.3749,137.3746,KiK-net06,,,N.KOKH,2001/05/19
GIFH11,”•S’Γ,YAOTSU,35.4865,137.2464,563,100,ς•§,GIFUKEN,35.4833,137.2494,KiK-net06,,,N.YOTH,2001/03/07
GIFH12,β“ΰ,SAKAUCHI,35.6033,136.4134,260,106,ς•§,GIFUKEN,35.6001,136.4164,KiK-net06,,,N.SKUH,2002/04/11
GIFH13,”’μ,SHIRAKAWA,36.2743,136.8979,480,153,ς•§,GIFUKEN,36.2712,136.9009,KiK-net06,,,N.SRWH,2002/12/10
GIFH14,γ•σ,KAMITAKARA,36.2493,137.5174,810,100,ς•§,GIFUKEN,36.2462,137.5204,KiK-net06,,,N.KTRH,2002/12/13
GIFH15,‚R,TAKAYAMA,36.1338,137.2208,625,104,ς•§,GIFUKEN,36.1306,137.2238,KiK-net06,,,N.TMAH,2002/12/10
GIFH16,’©“ϊ–k,ASAHI-N,36.0940,137.3438,790,100,ς•§,GIFUKEN,36.0909,137.3468,KiK-net06,,,N.ASNH,2002/12/17
GIFH17,‚h,TAKASU,35.9514,136.8732,610,100,ς•§,GIFUKEN,35.9483,136.8762,KiK-net06,,,N.TSUH,2002/12/13
GIFH18,”n£,MAZE,35.8991,137.1495,570,107,ς•§,GIFUKEN,35.8960,137.1525,KiK-net11A,,,N.MZEH,2002/12/25
GIFH19,’©“ϊ“μ,ASAHI-S,36.0216,137.3906,910,100,ς•§,GIFUKEN,36.0184,137.3936,KiK-net06,,,N.ASSH,2002/12/20
GIFH20,‰ΊC–k,GERO-N,35.7991,137.2531,355,128,ς•§,GIFUKEN,35.7959,137.2561,KiK-net06,,,N.GR2H,2002/12/25
GIFH21,”ό•ΐ,MINAMI,35.6665,136.9618,170,200,ς•§,GIFUKEN,35.6633,136.9648,KiK-net06,,,N.MNMH,2002/12/17
GIFH22,‹ΰR,KANAYAMA,35.6682,137.1054,435,100,ς•§,GIFUKEN,35.6651,137.1084,KiK-net06,,,N.KAYH,2002/12/21
GIFH23,”Βζ,ITADORI,35.7235,136.7847,350,100,ς•§,GIFUKEN,35.7203,136.7876,KiK-net06,,,N.ITDH,2003/01/24
GIFH24,“”’μ,HIGASHISHIRAKAWA,35.6401,137.3187,330,106,ς•§,GIFUKEN,35.6369,137.3217,KiK-net06,,,N.HSKH,2002/12/25
GIFH25,’J‹‚,TANIGUMI,35.5214,136.6127,75,102,ς•§,GIFUKEN,35.5183,136.6156,KiK-net06,,,N.TNMH,2003/01/21
GIFH26,e–±΄,KAKAMIGAHARA,35.4121,136.8764,35,100,ς•§,GIFUKEN,35.4089,136.8794,KiK-net06,,,N.KMHH,2003/01/25
GIFH27,”ό”Z‰Α–Ξ,MINOKAMO,35.4527,137.0040,85,200,ς•§,GIFUKEN,35.4495,137.0070,KiK-net06,,,N.MKMH,2003/03/07
GIFH28,’†’Γμ,NAKATSUGAWA,35.4571,137.4706,440,400,ς•§,GIFUKEN,35.4539,137.4737,KiK-net06,,,N.NTGH,2003/03/19
GIFH29,γΞ’Γ,KAMIISHIZU,35.2953,136.4732,90,136,ς•§,GIFUKEN,35.2921,136.4761,KiK-net06,,,N.KIDH,2003/01/22
GNMH05,Ι¨θ,ISESAKI,36.3143,139.1847,57,2000,Q”n§,GUNMAKEN,36.3111,139.1879,KiK-net11A,,,N.ISSH,2003/03/05
GNMH06,Ω—Ρ,TATEBAYASHI,36.2441,139.5443,20,1203,Q”n§,GUNMAKEN,36.2409,139.5476,KiK-net06,,,N.TBYH,2000/08/14
GNMH07,—,TONE,36.6998,139.2104,646,200,Q”n§,GUNMAKEN,36.6967,139.2136,KiK-net06,,,N.TNEH,2000/08/14
GNMH08,’Ϊ—φ,TSUMAGOI,36.4917,138.5244,1040,150,Q”n§,GUNMAKEN,36.4886,138.5275,KiK-net06,,,N.TUMH,2000/08/14
GNMH09,‚R,TAKAYAMA,36.6212,138.9068,455,110,Q”n§,GUNMAKEN,36.6181,138.9100,KiK-net11A,,,N.TAYH,2000/08/14
GNMH10,‰Ίm“c,SHIMONITA,36.2356,138.7291,340,100,Q”n§,GUNMAKEN,36.2325,138.7322,KiK-net06,,,N.SMNH,2000/08/14
GNMH11,•x‰,TOMIOKA,36.2862,138.9210,151,200,Q”n§,GUNMAKEN,36.2831,138.9242,KiK-net06,,,N.TMOH,2000/08/14
GNMH12,_—¬,KANNA,36.1440,138.9129,930,102,Q”n§,GUNMAKEN,36.1409,138.9161,KiK-net06,,,N.KNAH,2004/09/14
GNMH13,…γ2,MINAKAMI2,36.8620,139.0627,760,204,Q”n§,GUNMAKEN,36.8589,139.0659,KiK-net11A,,,N.MN2H,2004/11/27
GNMH14,‚έ‚Η‚θ,MIDORI,36.4931,139.3219,360,200,Q”n§,GUNMAKEN,36.4899,139.3251,KiK-net11A,,,N.MDRH,2006/11/07
HDKH01,•½ζΌ,BIRATORI-W,42.7031,142.2296,82,100,–kC“Ή,HOKKAIDO,42.7006,142.2333,KiK-net06,,,N.BRWH,2000/08/14
HDKH02,•½ζ“,BIRATORI-E,42.7061,142.4054,230,110,–kC“Ή,HOKKAIDO,42.7036,142.4092,KiK-net06,,,N.BREH,2000/08/14
HDKH03,–ε•Κ“,MOMBETSU-E,42.5934,142.3521,160,106,–kC“Ή,HOKKAIDO,42.5908,142.3558,KiK-net06,,,N.MBEH,2000/08/14
HDKH04,–ε•ΚΌ,MOMBETSU-W,42.5126,142.0381,10,220,–kC“Ή,HOKKAIDO,42.5101,142.0418,KiK-net06,,,N.MBWH,2001/03/07
HDKH05,V¥,NIIKAPPU,42.5977,142.5446,305,100,–kC“Ή,HOKKAIDO,42.5951,142.5483,KiK-net06,,,N.NCPH,2002/12/10
HDKH06,Γ“ΰ,SHIZUNAI,42.3498,142.3572,10,115,–kC“Ή,HOKKAIDO,42.3472,142.3609,KiK-net06,,,N.SZNH,2000/12/14
HDKH07,—l—,SAMANI,42.1330,142.9164,40,101,–kC“Ή,HOKKAIDO,42.1304,142.9201,KiK-net06,,,N.SAMH,2001/01/15
HRSH01,O΄,MIHARA,34.3736,133.0236,35,205,L“‡§,HIROSHIMAKEN,34.3704,133.0262,KiK-net11A,,,N.MIHH,2000/08/14
HRSH02,‘εa,DAIWA,34.5482,132.9480,360,100,L“‡§,HIROSHIMAKEN,34.5450,132.9506,KiK-net11A,,,N.DWAH,2000/08/14
HRSH03,δ’²,MITSUGI,34.5183,133.1375,160,200,L“‡§,HIROSHIMAKEN,34.5150,133.1401,KiK-net11A,,,N.MIGH,2000/08/14
HRSH04,ΐG,NUMAKUMA,34.3785,133.3493,25,200,L“‡§,HIROSHIMAKEN,34.3753,133.3519,KiK-net11A,,,N.NMKH,2000/08/14
HRSH05,_•Σ,KANNABE,34.5566,133.4179,20,200,L“‡§,HIROSHIMAKEN,34.5534,133.4205,KiK-net11A,,,N.KNBH,2000/08/14
HRSH06,ϋa,KUCHIWA,34.9137,132.9123,340,100,L“‡§,HIROSHIMAKEN,34.9105,132.9149,KiK-net11A,,,N.KTWH,2000/08/14
HRSH07,ΰ,KURE,34.2883,132.6411,230,102,L“‡§,HIROSHIMAKEN,34.2850,132.6436,KiK-net11A,,,N.KURH,2000/08/14
HRSH08,²”,SAIKI,34.3935,132.1611,350,100,L“‡§,HIROSHIMAKEN,34.3903,132.1636,KiK-net11A,,,N.SKIH,2000/08/14
HRSH09,‹gΙ,KISA,34.7016,132.9524,350,115,L“‡§,HIROSHIMAKEN,34.6983,132.9550,KiK-net11A,,,N.KSAH,2000/08/14
HRSH10,|–k,GEIHOKU,34.7471,132.3794,712,100,L“‡§,HIROSHIMAKEN,34.7439,132.3819,KiK-net11A,,,N.GEIH,2000/08/14
HRSH11,_Ξ,JINSEKI,34.8225,133.1674,590,100,L“‡§,HIROSHIMAKEN,34.8193,133.1701,KiK-net06,,,N.JNSH,2000/12/01
HRSH12,L“‡,HIROSHIMA,34.5810,132.4295,360,150,L“‡§,HIROSHIMAKEN,34.5778,132.4320,KiK-net06,,,N.HRSH,2000/12/01
HRSH13,L“‡“μ,HIROSHIMA-S,34.4122,132.3907,150,200,L“‡§,HIROSHIMAKEN,34.4089,132.3932,KiK-net06,,,N.HISH,2002/03/23
HRSH14,‰«”ό,OKIMI,34.2090,132.4063,40,100,L“‡§,HIROSHIMAKEN,34.2058,132.4088,KiK-net06,,,N.OKMH,2002/03/20
HRSH15,‘q‹΄,KURAHASHI,34.1161,132.5053,180,100,L“‡§,HIROSHIMAKEN,34.1129,132.5078,KiK-net06,,,N.KRHH,2002/04/02
HRSH16,‹g“c,YOSHIDA,34.6629,132.6689,280,100,L“‡§,HIROSHIMAKEN,34.6597,132.6715,KiK-net06,,,N.YSHH,2002/03/26
HRSH17,Λ‰Ν“ΰ,TOGOUCHI,34.5716,132.2326,265,102,L“‡§,HIROSHIMAKEN,34.5684,132.2351,KiK-net06,,,N.TGUH,2002/04/02
HRSH18,“L“‡,HIGASHIHIROSHIMA,34.4572,132.7923,235,100,L“‡§,HIROSHIMAKEN,34.4540,132.7949,KiK-net06,,,N.HHIH,2002/03/28
HYGH01,O΄,MIHARA,34.2937,134.7941,65,102,•ΊΙ§,HYOGOKEN,34.2904,134.7968,KiK-net11A,,,N.MHRH,2000/08/14
HYGH02,“μυ,NANKOU,35.0671,134.4234,205,103,•ΊΙ§,HYOGOKEN,35.0639,134.4261,KiK-net11A,,,N.NKOH,2000/08/14
HYGH03,”g‰κ,HAGA,35.2193,134.5237,365,100,•ΊΙ§,HYOGOKEN,35.2161,134.5264,KiK-net11A,,,N.HAGH,2000/08/14
HYGH04,ΒR,SASAYAMA,35.0708,135.2811,218,100,•ΊΙ§,HYOGOKEN,35.0676,135.2839,KiK-net11A,,,N.SSYH,2000/08/14
HYGH05,γS,KAMIGORI,34.8995,134.3284,80,100,•ΊΙ§,HYOGOKEN,34.8963,134.3311,KiK-net11A,,,N.KMGH,2000/08/14
HYGH06,‘¶,AIOI,34.7935,134.4792,65,200,•ΊΙ§,HYOGOKEN,34.7903,134.4819,KiK-net11A,,,N.AIOH,2000/08/14
HYGH07,–²‘O,YUMESAKI,35.0322,134.6701,160,100,•ΊΙ§,HYOGOKEN,35.0290,134.6728,KiK-net11A,,,N.YMSH,2000/08/14
HYGH08,‰Α”ό,KAMI,35.1010,134.9036,160,110,•ΊΙ§,HYOGOKEN,35.0978,134.9064,KiK-net11A,,,N.KAMH,2000/08/14
HYGH09,“π,TOJO,34.9082,135.0844,140,100,•ΊΙ§,HYOGOKEN,34.9050,135.0872,KiK-net11A,,,N.TJOH,2000/08/14
HYGH10,‰ΑΓμ,KAKOGAWA,34.8164,134.8078,18,100,•ΊΙ§,HYOGOKEN,34.8132,134.8106,KiK-net11A,,,N.KKGH,2000/08/14
HYGH11,R“,SANTO,35.2925,134.9071,180,200,•ΊΙ§,HYOGOKEN,35.2893,134.9099,KiK-net11A,,,N.SNTH,2000/08/14
HYGH12,V‹{,SHINGU,34.9313,134.5423,70,100,•ΊΙ§,HYOGOKEN,34.9281,134.5450,KiK-net11A,,,N.SGUH,2000/08/14
HYGH13,Z,KASUMI,35.6208,134.6566,230,100,•ΊΙ§,HYOGOKEN,35.6177,134.6594,KiK-net06,,,N.KSMH,2000/12/04
HYGH14,oΞ,IZUSHI,35.4574,134.8621,15,102,•ΊΙ§,HYOGOKEN,35.4543,134.8649,KiK-net06,,,N.IZSH,2000/12/04
HYGH15,‘Ί‰,MURAOKA,35.4697,134.5953,225,100,•ΊΙ§,HYOGOKEN,35.4665,134.5980,KiK-net06,,,N.MROH,2002/04/04
HYMH01,–kwR,KITAHIYAMA,42.4851,139.9678,167,112,–kC“Ή,HOKKAIDO,42.4826,139.9714,KiK-net06,,,N.KHYH,2000/12/19
HYMH02,ϊ‘ς•”,ASSABU,41.9856,140.3087,85,101,–kC“Ή,HOKKAIDO,41.9831,140.3122,KiK-net06,,,N.ASBH,2000/12/04
HYMH03,FΞ,KUMAISHI,42.1344,140.0040,70,100,–kC“Ή,HOKKAIDO,42.1319,140.0075,KiK-net06,,,N.KUMH,2000/12/25
IBRH06,–kοι2,KITAIBARAKI2,36.8809,140.6545,395,100,οι§,IBARAKIKEN,36.8778,140.6579,KiK-net11,,,N.KI2H,2013/01/27
IBRH07,]Λθ,EDOSAKI,35.9521,140.3301,3,1200,οι§,IBARAKIKEN,35.9489,140.3334,KiK-net11A,,,N.EDSH,2003/03/05
IBRH08,‘ε—m,TAIYO,36.1188,140.5621,40,1200,οι§,IBARAKIKEN,36.1156,140.5655,KiK-net06,,,N.TYOH,2000/08/14
IBRH09,ν–k,JOHOKU,36.4390,140.3559,50,106,οι§,IBARAKIKEN,36.4358,140.3592,KiK-net06,,,N.JHKH,2000/08/14
IBRH10,Ξ‰Ί,ISHIGE,36.1112,139.9889,15,900,οι§,IBARAKIKEN,36.1080,139.9920,KiK-net11A,,,N.ISGH,2000/09/01
IBRH11,β£,IWASE,36.3701,140.1401,67,103,οι§,IBARAKIKEN,36.3669,140.1434,KiK-net11A,,,N.IWSH,2000/08/14
IBRH12,‘εq,DAIGO,36.8369,140.3181,210,200,οι§,IBARAKIKEN,36.8338,140.3215,KiK-net11A,,,N.DGOH,2003/02/04
IBRH13,‚”‹,TAKAHAGI,36.7955,140.5750,505,100,οι§,IBARAKIKEN,36.7924,140.5784,KiK-net11,,,N.THGH,2003/02/04
IBRH14,\‰¤,JUO,36.6922,140.5484,330,100,οι§,IBARAKIKEN,36.6890,140.5518,KiK-net06,,,N.JUOH,2003/01/29
IBRH15,δ‘OR,GOZENYAMA,36.5566,140.3013,45,107,οι§,IBARAKIKEN,36.5535,140.3046,KiK-net06,,,N.GZNH,2003/01/30
IBRH16,R•ϋ,YAMAGATA,36.6405,140.3976,90,300,οι§,IBARAKIKEN,36.6374,140.4009,KiK-net11A,,,N.YMAH,2003/03/26
IBRH17,‰ΰƒ–‰Y,KASUMIGAURA,36.0864,140.3140,20,510,οι§,IBARAKIKEN,36.0832,140.3173,KiK-net11A,,,N.KGRH,2003/05/07
IBRH18,‚Π‚½‚Ώ‚Θ‚©,HITACHINAKA,36.3631,140.6198,20,504,οι§,IBARAKIKEN,36.3599,140.6231,KiK-net11A,,,N.HTKH,2003/05/23
IBRH19,‚Β‚­‚Ξ,TSUKUBA,36.2137,140.0893,175,210,οι§,IBARAKIKEN,36.2106,140.0926,KiK-net06,,,N.TSKH,2004/05/15
IBRH20,”gθ2,HASAKI2,35.8284,140.7323,6,923,οι§,IBARAKIKEN,35.8252,140.7356,KiK-net06,,,N.HA2H,2006/09/01
IBRH21,‚Β‚­‚Ξ“μ,TSUKUBA-S,35.9814,140.1050,22,929,οι§,IBARAKIKEN,35.9782,140.1083,KiK-net06,,,N.TBSH,2007/08/16
IBUH01,’Η•,OIWAKE,42.8739,141.8191,60,101,–kC“Ή,HOKKAIDO,42.8714,141.8228,KiK-net06,,,N.OIWH,2000/12/05
IBUH02,•δ•Κ,HOBETSU,42.8714,142.1285,175,102,–kC“Ή,HOKKAIDO,42.8689,142.1322,KiK-net06,,,N.HOBH,2001/03/09
IBUH03,ϊ^,ATSUMA,42.6486,141.8641,10,153,–kC“Ή,HOKKAIDO,42.6461,141.8679,KiK-net06,,,N.AMAH,2000/12/07
IBUH04,–L‰Y,TOYOURA,42.6415,140.6650,214,102,–kC“Ή,HOKKAIDO,42.6390,140.6686,KiK-net06,,,N.TURH,2000/12/01
IBUH05,”’V,SHIRAOI,42.5629,141.3497,20,177,–kC“Ή,HOKKAIDO,42.5604,141.3533,KiK-net06,,,N.SOIH,2000/12/07
IBUH06,Ί—–,MURORAN,42.4116,141.0017,400,562,–kC“Ή,HOKKAIDO,42.4091,141.0053,KiK-net06,,,N.MRRH,2000/12/25
IBUH07,‘ε‘κ,OTAKI,42.6476,141.0643,350,200,–kC“Ή,HOKKAIDO,42.6451,141.0679,KiK-net06,,,N.OHTH,2000/12/01
IKRH01,“–•Κ,TOBETSU,43.4087,141.5836,80,200,–kC“Ή,HOKKAIDO,43.4063,141.5873,KiK-net11A,,,N.TOBH,2000/08/14
IKRH02,VΒ’Γ,SHINSHINOTSU,43.2204,141.6523,10,127,–kC“Ή,HOKKAIDO,43.2179,141.6561,KiK-net06,,,N.SSTH,2000/08/14
IKRH03,ηΞ,CHITOSE,42.8880,141.6399,10,252,–kC“Ή,HOKKAIDO,42.8856,141.6436,KiK-net06,,,N.CTSH,2000/12/07
ISKH01,μF,SUZU,37.5266,137.2844,48,200,Ξμ§,ISHIKAWAKEN,37.5236,137.2875,KiK-net06,,,N.SUZH,2000/08/14
ISKH02,–φ“c,YANAGIDA,37.3644,137.0413,121,102,Ξμ§,ISHIKAWAKEN,37.3614,137.0443,KiK-net06,,,N.YGDH,2000/08/14
ISKH03,“ΰ‰Y,UCHIURA,37.3458,137.2436,19,207,Ξμ§,ISHIKAWAKEN,37.3428,137.2467,KiK-net06,,,N.UCUH,2000/08/14
ISKH04,•x—,TOGI,37.1902,136.7176,56,116,Ξμ§,ISHIKAWAKEN,37.1872,136.7206,KiK-net06,,,N.TGIH,2000/08/14
ISKH05,…,ANAMIZU,37.2224,136.9689,56,105,Ξμ§,ISHIKAWAKEN,37.2194,136.9719,KiK-net06,,,N.AMZH,2000/08/14
ISKH06,u‰κ,SHIKA,37.0533,136.8206,20,200,Ξμ§,ISHIKAWAKEN,37.0503,136.8236,KiK-net11A,,,N.SHKH,2000/08/14
ISKH07,‹ΰ‘ς,KANAZAWA,36.5150,136.6357,103,802,Ξμ§,ISHIKAWAKEN,36.5119,136.6386,KiK-net11A,,,N.KNZH,2000/08/14
ISKH08,’Γ”¦,TSUBATA,36.7380,136.7906,119,100,Ξμ§,ISHIKAWAKEN,36.7350,136.7936,KiK-net06,,,N.TBTH,2000/08/14
ISKH09,”φϋ,OGUCHI,36.2667,136.7168,560,106,Ξμ§,ISHIKAWAKEN,36.2636,136.7197,KiK-net06,,,N.OKCH,2000/08/14
IWTH01,“ρΛ“,NINOHE-E,40.2383,141.3423,230,200,βθ§,IWATEKEN,40.2356,141.3458,KiK-net11A,,,N.NHEH,2000/08/14
IWTH02,‹ΚR,TAMAYAMA,39.8250,141.3826,675,102,βθ§,IWATEKEN,39.8222,141.3861,KiK-net11A,,,N.TMYH,2000/08/14
IWTH03,βς,IWAIZUMI,39.8020,141.6520,310,100,βθ§,IWATEKEN,39.7992,141.6556,KiK-net06,,,N.IWZH,2000/08/14
IWTH04,Z“c,SUMITA,39.1809,141.3909,620,106,βθ§,IWATEKEN,39.1781,141.3944,KiK-net06,,,N.SMTH,2000/08/14
IWTH05,“΅‘ς,FUJISAWA,38.8654,141.3512,120,100,βθ§,IWATEKEN,38.8625,141.3547,KiK-net11A,,,N.FSWH,2000/08/14
IWTH06,“ρΛΌ,NINOHE-W,40.2611,141.1709,225,100,βθ§,IWATEKEN,40.2583,141.1744,KiK-net06,,,N.NHWH,2000/08/14
IWTH07,y•Δ,KARUMAI,40.2705,141.5709,260,120,βθ§,IWATEKEN,40.2678,141.5744,KiK-net06,,,N.KRMH,2000/08/14
IWTH08,‹v–k,KUJI-N,40.2686,141.7831,175,100,βθ§,IWATEKEN,40.2658,141.7867,KiK-net11A,,,N.KJNH,2000/08/14
IWTH09,‹v“μ,KUJI-S,40.0861,141.7120,240,100,βθ§,IWATEKEN,40.0833,141.7156,KiK-net06,,,N.KJSH,2000/08/14
IWTH10,ΐ‘γ,ASHIRO,40.1391,140.9529,308,100,βθ§,IWATEKEN,40.1364,140.9564,KiK-net11,,,N.ASRH,2000/08/14
IWTH11,κΛ,ICHINOHE,40.0811,141.1915,629,300,βθ§,IWATEKEN,40.0783,141.1950,KiK-net06,,,N.IHEH,2000/08/14
IWTH12,‹γΛ,KUNOHE,40.1533,141.4245,365,100,βθ§,IWATEKEN,40.1506,141.4281,KiK-net06,,,N.KHEH,2000/08/14
IWTH13,‹,KUZUMAKI,39.9398,141.5492,570,117,βθ§,IWATEKEN,39.9369,141.5528,KiK-net11,,,N.KZMH,2000/08/14
IWTH14,“cV,TARO,39.7435,141.9087,200,100,βθ§,IWATEKEN,39.7407,141.9123,KiK-net11A,,,N.TROH,2000/08/14
IWTH15,–ξ‹Π,YAHABA,39.6148,141.0929,195,122,βθ§,IWATEKEN,39.6119,141.0964,KiK-net06,,,N.YHBH,2000/08/14
IWTH16,΄Ξ,SHIZUKUISHI,39.6436,140.9465,212,150,βθ§,IWATEKEN,39.6408,140.9500,KiK-net11A,,,N.SZKH,2000/08/14
IWTH17,μδ–k,KAWAI-N,39.6442,141.5977,305,103,βθ§,IWATEKEN,39.6414,141.6013,KiK-net06,,,N.KANH,2000/08/14
IWTH18,μδ“μ,KAWAI-S,39.4630,141.6775,552,100,βθ§,IWATEKEN,39.4601,141.6811,KiK-net06,,,N.KASH,2000/08/14
IWTH19,‰Τ–k,HANAMAKI-N,39.4559,141.0001,220,101,βθ§,IWATEKEN,39.4531,141.0036,KiK-net11A,,,N.HMNH,2000/08/14
IWTH20,‰Τ“μ,HANAMAKI-S,39.3434,141.0473,106,156,βθ§,IWATEKEN,39.3406,141.0508,KiK-net06,,,N.HMSH,2000/08/14
IWTH21,R“c,YAMADA,39.4734,141.9336,13,100,βθ§,IWATEKEN,39.4705,141.9372,KiK-net06,,,N.YMDH,2000/08/14
IWTH22,“a,TOWA,39.3340,141.3015,260,100,βθ§,IWATEKEN,39.3311,141.3050,KiK-net11A,,,N.TOUH,2000/08/14
IWTH23,Ξ,KAMAISHI,39.2741,141.8233,44,103,βθ§,IWATEKEN,39.2712,141.8269,KiK-net11A,,,N.KMIH,2000/08/14
IWTH24,‹ΰƒ–θ,KANEGASAKI,39.1979,141.0118,200,150,βθ§,IWATEKEN,39.1950,141.0153,KiK-net06,,,N.KGSH,2000/08/14
IWTH25,κΦΌ,ICHINOSEKI-W,39.0092,140.8638,386,260,βθ§,IWATEKEN,39.0063,140.8673,---,‹x~,suspension,N.ICWH,2000/08/14
IWTH26,κΦ“,ICHINOSEKI-E,38.9690,141.0013,125,108,βθ§,IWATEKEN,38.9661,141.0047,KiK-net06,,,N.ICEH,2000/08/14
IWTH27,—¤‘O‚“c,RIKUZENTAKATA,39.0307,141.5320,80,100,βθ§,IWATEKEN,39.0278,141.5356,KiK-net06,,,N.RZTH,2000/08/14
IWTH28,κΦΌ2,ICHINOSEKI-W2,39.0094,140.8640,380,263,βθ§,IWATEKEN,39.0065,140.8674,KiK-net11A,,,N.IW2H,2011/03/03
KGSH01,’·“‡,NAGASHIMA,32.1554,130.1191,15,202,­™“‡§,KAGOSHIMAKEN,32.1519,130.1214,KiK-net06,,,N.NSMH,2000/08/14
KGSH02,Ά‹v,AKUNE,31.9940,130.2077,41,202,­™“‡§,KAGOSHIMAKEN,31.9906,130.2100,KiK-net06,,,N.AKNH,2000/08/14
KGSH03,‹{”Vι,MIYANOJO,31.9812,130.4438,110,100,­™“‡§,KAGOSHIMAKEN,31.9778,130.4461,KiK-net06,,,N.MYJH,2000/08/14
KGSH04,μ“ΰ,SENDAI,31.8374,130.3602,14,100,­™“‡§,KAGOSHIMAKEN,31.8339,130.3625,KiK-net06,,,N.SENH,2000/08/14
KGSH05,V“‰@,KEDOIN,31.8699,130.4958,73,107,­™“‡§,KAGOSHIMAKEN,31.8664,130.4981,KiK-net06,,,N.KDIH,2000/08/14
KGSH06,SR,KORIYAMA,31.6988,130.4594,131,203,­™“‡§,KAGOSHIMAKEN,31.6953,130.4617,KiK-net06,,,N.KORH,2000/08/14
KGSH07,¦—Η,AIRA,31.7140,130.6149,6,302,­™“‡§,KAGOSHIMAKEN,31.7106,130.6172,KiK-net06,,,N.AIRH,2000/08/14
KGSH08,‘ε‹χ,OHSUMI,31.5618,130.9969,97,150,­™“‡§,KAGOSHIMAKEN,31.5583,130.9992,KiK-net06,,,N.OSUH,2000/08/14
KGSH09,’m——,CHIRAN,31.3741,130.4333,119,100,­™“‡§,KAGOSHIMAKEN,31.3706,130.4356,KiK-net06,,,N.CRNH,2000/08/14
KGSH10,Rμ,YAMAGAWA,31.2066,130.6183,81,203,­™“‡§,KAGOSHIMAKEN,31.2031,130.6206,KiK-net06,,,N.YKWH,2000/08/14
KGSH11,²‘½,SATA,31.0899,130.6990,87,200,­™“‡§,KAGOSHIMAKEN,31.0864,130.7013,KiK-net06,,,N.SATH,2000/08/14
KGSH12,“ΰ”V‰Y,UCHINOURA,31.2583,131.0877,265,150,­™“‡§,KAGOSHIMAKEN,31.2547,131.0900,KiK-net06,,,N.UCNH,2000/12/07
KGSH13,­‰®,KANOYA,31.4005,130.8541,40,101,­™“‡§,KAGOSHIMAKEN,31.3969,130.8564,KiK-net06,,,N.KYAH,2002/03/28
KGWH01,»γ,AYAKAMI,34.2186,133.9493,90,117,μ§,KAGAWAKEN,34.2153,133.9520,KiK-net11A,,,N.AYKH,2000/08/14
KGWH02,O–μ,MINO,34.1980,133.7081,5,200,μ§,KAGAWAKEN,34.1948,133.7107,KiK-net11A,,,N.MNOH,2000/08/14
KGWH03,O–Ψ,MIKI,34.2700,134.1482,50,100,μ§,KAGAWAKEN,34.2668,134.1508,KiK-net11A,,,N.MKIH,2002/03/11
KGWH04,‘ε“ΰ,OHCHI,34.2264,134.3043,35,105,μ§,KAGAWAKEN,34.2231,134.3069,KiK-net06,,,N.OHCH,2002/03/11
KGWH05,“ΰC,UCHINOMI,34.4572,134.3241,20,433,μ§,KAGAWAKEN,34.4540,134.3268,KiK-net06,,,N.UUMH,2004/03/02
KKWH01,”ό[–k,BIFUKA-N,44.5973,142.3036,61,111,–kC“Ή,HOKKAIDO,44.5950,142.3075,KiK-net06,,,N.BFNH,2000/08/14
KKWH02,”ό[“,BIFUKA-E,44.5509,142.5736,283,112,–kC“Ή,HOKKAIDO,44.5486,142.5775,KiK-net06,,,N.BFEH,2000/08/14
KKWH03,”ό[Ό,BIFUKA-W,44.4732,142.2725,100,100,–kC“Ή,HOKKAIDO,44.4708,142.2764,KiK-net06,,,N.BFWH,2000/08/14
KKWH04,–Όρ,NAYORO,44.4376,142.4056,84,100,–kC“Ή,HOKKAIDO,44.4353,142.4094,KiK-net06,,,N.NYRH,2000/08/14
KKWH05,‰ΊμΌ,SHIMOKAWA-W,44.2921,142.6303,160,300,–kC“Ή,HOKKAIDO,44.2897,142.6342,KiK-net06,,,N.SWWH,2000/08/14
KKWH06,‰Ίμ“,SHIMOKAWA-E,44.3207,142.7656,200,100,–kC“Ή,HOKKAIDO,44.3183,142.7694,KiK-net06,,,N.SWEH,2000/08/14
KKWH07,•x—Η–μ,FURANO,43.3697,142.3409,205,109,–kC“Ή,HOKKAIDO,43.3672,142.3447,KiK-net06,,,N.FRNH,2000/08/14
KKWH08,θ¥,SHIMUKAPPU,43.0406,142.6562,569,100,–kC“Ή,HOKKAIDO,43.0381,142.6600,KiK-net06,,,N.SMPH,2000/08/14
KKWH09,‰ΉΠq•{,OTOINEPPU,44.7745,142.2542,70,106,–kC“Ή,HOKKAIDO,44.7722,142.2581,KiK-net06,,,N.ONPH,2000/12/25
KKWH10,’†μ,NAKAGAWA,44.6617,142.0528,65,105,–kC“Ή,HOKKAIDO,44.6594,142.0567,KiK-net06,,,N.NAWH,2000/12/15
KKWH11,a¦,WASSAMU,43.9754,142.2834,195,105,–kC“Ή,HOKKAIDO,43.9731,142.2872,KiK-net06,,,N.WSMH,2000/12/25
KKWH12,”ό‰l“,BIEI-E,43.5038,142.6006,450,207,–kC“Ή,HOKKAIDO,43.5014,142.6044,KiK-net06,,,N.BEEH,2001/01/12
KKWH13,”ό‰lΌ,BIEI-W,43.5113,142.3906,315,168,–kC“Ή,HOKKAIDO,43.5089,142.3944,KiK-net06,,,N.BEWH,2000/12/25
KKWH14,’†•x—Η–μ,NAKAFURANO,43.3841,142.5245,389,150,–kC“Ή,HOKKAIDO,43.3817,142.5283,KiK-net06,,,N.NFRH,2000/12/25
KKWH15,γμ,KAMIKAWA,43.8546,142.7656,340,148,–kC“Ή,HOKKAIDO,43.8522,142.7694,KiK-net06,,,N.KKAH,2001/01/12
KMMH01,­–k,KAHOKU,33.1089,130.6949,75,100,F–{§,KUMAMOTOKEN,33.1056,130.6972,KiK-net06,,,N.KHKH,2000/08/14
KMMH02,¬‘,OGUNI,33.1220,131.0629,430,124,F–{§,KUMAMOTOKEN,33.1186,131.0653,KiK-net06,,,N.OGNH,2000/08/14
KMMH03,‹e’r,KIKUCHI,32.9984,130.8301,178,200,F–{§,KUMAMOTOKEN,32.9950,130.8325,KiK-net06,,,N.KKCH,2000/08/14
KMMH04,Ά‘h,ASO,32.9514,131.0199,475,127,F–{§,KUMAMOTOKEN,32.9481,131.0222,KiK-net06,,,N.ASVH,2000/08/14
KMMH05,”g–μ,NAMINO,32.9553,131.2207,693,100,F–{§,KUMAMOTOKEN,32.9519,131.2231,KiK-net06,,,N.NMNH,2000/08/14
KMMH06,”’…,HAKUSUI,32.8114,131.1010,492,111,F–{§,KUMAMOTOKEN,32.8081,131.1033,KiK-net06,,,N.HKSH,2000/08/14
KMMH07,Op,MISUMI,32.6234,130.5584,22,300,F–{§,KUMAMOTOKEN,32.6200,130.5608,KiK-net06,,,N.MSMH,2000/08/14
KMMH08,–ξ•”,YABE,32.6501,131.0251,450,103,F–{§,KUMAMOTOKEN,32.6467,131.0275,KiK-net06,,,N.YABH,2000/08/14
KMMH09,ς,IZUMI,32.4901,130.9046,520,100,F–{§,KUMAMOTOKEN,32.4867,130.9069,KiK-net06,,,N.IZMH,2000/08/14
KMMH10,Va,SHINWA,32.3151,130.1811,158,300,F–{§,KUMAMOTOKEN,32.3117,130.1833,KiK-net06,,,N.SNWH,2000/08/14
KMMH11,°–k,ASHIKITA,32.2918,130.5777,100,300,F–{§,KUMAMOTOKEN,32.2883,130.5800,KiK-net06,,,N.ASKH,2000/08/14
KMMH12,l‹g,HITOYOSHI,32.2054,130.7371,105,123,F–{§,KUMAMOTOKEN,32.2019,130.7394,KiK-net06,,,N.HYOH,2000/08/14
KMMH13,γ,UE,32.2209,130.9096,175,177,F–{§,KUMAMOTOKEN,32.2175,130.9119,KiK-net06,,,N.UWEH,2000/08/14
KMMH14,–L–μ,TOYONO,32.6345,130.7521,70,110,F–{§,KUMAMOTOKEN,32.6311,130.7544,KiK-net06,,,N.TYNH,2000/12/25
KMMH15,…–“,MINAMATA,32.1704,130.3647,15,110,F–{§,KUMAMOTOKEN,32.1669,130.3669,KiK-net06,,,N.MMTH,2000/12/04
KMMH16,‰vι,MASHIKI,32.7967,130.8199,55,252,F–{§,KUMAMOTOKEN,32.7933,130.8222,KiK-net06,,,N.MSIH,2002/04/02
KMMH17,‹Κ–Ό,TAMANA,32.9873,130.5608,55,100,F–{§,KUMAMOTOKEN,32.9839,130.5632,KiK-net06,,,N.TMNH,2002/03/20
KNGH10,‰΅•l,YOKOHAMA,35.4991,139.5195,62,2000,_“ήμ§,KANAGAWAKEN,35.4959,139.5227,KiK-net06,,,N.YKHH,2003/03/04
KNGH11,ϊ–Ψ,ATSUGI,35.4040,139.3539,12,1800,_“ήμ§,KANAGAWAKEN,35.4007,139.3571,KiK-net06,,,N.ATGH,2003/03/05
KNGH18,“΅–μ,FUJINO,35.6437,139.1283,320,100,_“ήμ§,KANAGAWAKEN,35.6404,139.1315,KiK-net11A,,,N.FJOH,2003/01/17
KNGH19,R–k’†,YAMAKITA-C,35.4173,139.0436,330,100,_“ήμ§,KANAGAWAKEN,35.4140,139.0468,KiK-net11A,,,N.YM2H,2003/01/21
KNGH20,Ό“c,MATSUDA,35.3663,139.1260,465,106,_“ήμ§,KANAGAWAKEN,35.3631,139.1291,KiK-net11A,,,N.MTDH,2003/01/24
KNGH21,΄μ,KIYOKAWA,35.4628,139.2146,455,210,_“ήμ§,KANAGAWAKEN,35.4595,139.2177,KiK-net11A,,,N.KIYH,2003/01/16
KNGH22,R–k“μ,YAMAKITA-S,35.3583,139.0910,157,2000,_“ήμ§,KANAGAWAKEN,35.3551,139.0942,KiK-net06,,,N.YKSH,2006/11/08
KNGH23,—tR,HAYAMA,35.2624,139.6110,102,100,_“ήμ§,KANAGAWAKEN,35.2691,139.6142,KiK-net11A,,,N.HYMH,2009/09/14
KOCH01,–kμ,KITAGAWA,33.5421,134.1197,235,200,‚’m§,KOCHIKEN,33.5387,134.1224,KiK-net11A,,,N.KTGH,2000/08/14
KOCH02,α–k,GOHOKU,33.7079,133.3641,590,100,‚’m§,KOCHIKEN,33.7046,133.3667,KiK-net11A,,,N.GHKH,2000/08/14
KOCH03,‘ε³,TAISHO,33.2683,132.9891,270,100,‚’m§,KOCHIKEN,33.2649,132.9916,KiK-net11A,,,N.TSYH,2000/08/14
KOCH04,‘ε,OTSUKI,32.8414,132.7066,55,100,‚’m§,KOCHIKEN,32.8380,132.7091,KiK-net11A,,,N.OOTH,2000/08/14
KOCH05,’rμ,IKEKAWA,33.6472,133.1444,260,100,‚’m§,KOCHIKEN,33.6439,133.1469,KiK-net11A,,,N.IKKH,2000/08/14
KOCH06,’†‘Ί,NAKAMURA,33.0754,132.9524,31,100,‚’m§,KOCHIKEN,33.0719,132.9550,KiK-net11A,,,N.NAKH,2000/08/14
KOCH07,{θ,SUSAKI,33.3920,133.2866,5,104,‚’m§,KOCHIKEN,33.3886,133.2892,KiK-net11A,,,N.SSKH,2000/12/05
KOCH08,“y²΄…,TOSASHIMIZU,32.7797,132.9718,5,100,‚’m§,KOCHIKEN,32.7763,132.9743,KiK-net06,,,N.TSSH,2002/04/02
KOCH09,–k,KAHOKU,33.6748,133.8243,190,100,‚’m§,KOCHIKEN,33.6714,133.8269,KiK-net06,,,N.KHUH,2002/03/19
KOCH10,Ι–μ,INO,33.5313,133.4388,10,101,‚’m§,KOCHIKEN,33.5280,133.4414,KiK-net06,,,N.INOH,2002/04/04
KOCH11,ΊΛ,MUROTO,33.2866,134.1603,90,300,‚’m§,KOCHIKEN,33.2832,134.1629,KiK-net06,,,N.MURH,2002/03/21
KOCH12,|Ό,GEISEI,33.5294,133.8192,40,170,‚’m§,KOCHIKEN,33.5261,133.8218,KiK-net06,,,N.GSIH,2004/03/09
KOCH13,–{R,MOTOYAMA,33.7543,133.5760,250,152,‚’m§,KOCHIKEN,33.7510,133.5786,KiK-net06,,,N.MTYH,2004/03/10
KSRH01,Ά¦–k,AKAN-N,43.4361,144.0844,431,106,–kC“Ή,HOKKAIDO,43.4336,144.0883,KiK-net06,,,N.ANNH,2000/08/14
KSRH02,Ά¦“μ,AKAN-S,43.1142,144.1230,30,105,–kC“Ή,HOKKAIDO,43.1117,144.1269,KiK-net06,,,N.ANSH,2000/08/14
KSRH03,•W’ƒ–k,SHIBECHA-N,43.3848,144.6279,83,107,–kC“Ή,HOKKAIDO,43.3822,144.6319,KiK-net06,,,N.SCNH,2000/08/14
KSRH04,•W’ƒ“μ,SHIBECHA-S,43.2139,144.6804,30,240,–kC“Ή,HOKKAIDO,43.2114,144.6844,KiK-net11A,,,N.SCSH,2000/08/14
KSRH05,’ί‹Ό,TSURUI-W,43.2556,144.2338,114,330,–kC“Ή,HOKKAIDO,43.2531,144.2378,KiK-net06,,,N.TRWH,2000/08/14
KSRH06,’ί‹“,TSURUI-E,43.2200,144.4285,30,237,–kC“Ή,HOKKAIDO,43.2175,144.4325,KiK-net06,,,N.TREH,2000/08/14
KSRH07,’ί‹“μ,TSURUI-S,43.1359,144.3274,38,222,–kC“Ή,HOKKAIDO,43.1333,144.3314,KiK-net06,,,N.TRSH,2000/08/14
KSRH08,”’f–k,SHIRANUKA-N,43.1603,143.8936,174,100,–kC“Ή,HOKKAIDO,43.1578,143.8975,KiK-net06,,,N.SNNH,2000/08/14
KSRH09,”’f“μ,SHIRANUKA-S,42.9856,143.9841,27,100,–kC“Ή,HOKKAIDO,42.9831,143.9881,KiK-net06,,,N.SNSH,2000/08/14
KSRH10,•l’†,HAMANAKA,43.2084,145.1168,31,255,–kC“Ή,HOKKAIDO,43.2058,145.1208,KiK-net06,,,N.HNKH,2001/05/15
KYTH01,–μ“cμ,NODAGAWA,35.5243,135.1243,15,155,‹“s•{,KYOTOFU,35.5211,135.1271,KiK-net06,,,N.NDGH,2000/08/14
KYTH02,Ι,INE,35.7101,135.2496,28,200,‹“s•{,KYOTOFU,35.7070,135.2524,KiK-net06,,,N.INEH,2000/08/14
KYTH03,•’mR,FUKUCHIYAMA,35.3130,135.1334,40,300,‹“s•{,KYOTOFU,35.3098,135.1362,KiK-net06,,,N.FKCH,2000/08/14
KYTH04,”όR,MIYAMA,35.2685,135.5508,190,100,‹“s•{,KYOTOFU,35.2653,135.5536,KiK-net06,,,N.MYMH,2000/08/14
KYTH05,–Τ–μ,AMINO,35.6814,135.0268,5,150,‹“s•{,KYOTOFU,35.6783,135.0296,KiK-net06,,,N.AMNH,2002/04/02
KYTH06,‹T‰,KAMEOKA,35.0469,135.4846,175,100,‹“s•{,KYOTOFU,35.0437,135.4874,KiK-net11A,,,N.KMEH,2002/04/04
KYTH07,‹vδR,KUMIYAMA,34.8983,135.7461,11,800,‹“s•{,KYOTOFU,34.8950,135.7490,KiK-net06,,,N.KMMH,2004/03/30
KYTH08,‹“s,KYOTO,35.0094,135.7304,32,704,‹“s•{,KYOTOFU,35.0062,135.7333,KiK-net06,,,N.KYTH,2006/10/05
MIEH01,l“ϊs,YOKKAICHI,34.9849,136.4563,290,140,Od§,MIEKEN,34.9817,136.4592,KiK-net11A,,,N.YOKH,2000/08/14
MIEH02,‘εR“c,OYAMADA,34.7662,136.2835,280,200,Od§,MIEKEN,34.7629,136.2864,KiK-net11A,,,N.OYMH,2000/08/14
MIEH03,π–μ,URESHINO,34.5470,136.3692,280,100,Od§,MIEKEN,34.5438,136.3721,KiK-net11A,,,N.URSH,2000/08/14
MIEH04,“x‰ο,WATARAI,34.3532,136.5866,90,112,Od§,MIEKEN,34.3499,136.5895,KiK-net11A,,,N.WATH,2000/08/14
MIEH05,”φh,OWASE,34.0637,136.1689,85,100,Od§,MIEKEN,34.0604,136.1718,KiK-net06,,,N.OWSH,2000/08/14
MIEH06,‹{μ,MIYAGAWA,34.3580,136.3293,129,100,Od§,MIEKEN,34.3547,136.3322,KiK-net06,,,N.MGWH,2000/08/14
MIEH07,u–€,SHIMA,34.2544,136.8216,10,207,Od§,MIEKEN,34.2511,136.8245,KiK-net06,,,N.SMAH,2000/08/14
MIEH08,Όγ,MATSUSAKA,34.5424,136.5033,35,150,Od§,MIEKEN,34.5392,136.5061,KiK-net06,,,N.MASH,2000/08/14
MIEH09,‹I•σ,KIHO,33.7644,135.9969,90,100,Od§,MIEKEN,33.7611,135.9998,KiK-net06,,,N.KHOH,2000/08/14
MIEH10,|”Z,GEINO,34.8224,136.4245,75,197,Od§,MIEKEN,34.8192,136.4274,KiK-net06,,,N.GNOH,2000/08/14
MYGH01,ε‘δ,SENDAI,38.2400,140.9969,2,1206,‹{ι§,MIYAGIKEN,38.2370,141.0003,---,‹x~,suspension,N.SNDH,2000/08/14
MYGH02,–Βq,NARUKO,38.8587,140.6513,345,203,‹{ι§,MIYAGIKEN,38.8558,140.6547,KiK-net06,,,N.NRKH,2000/08/14
MYGH03,“‚K,KARAKUWA,38.9207,141.6377,80,117,‹{ι§,MIYAGIKEN,38.9178,141.6412,KiK-net11A,,,N.KKWH,2000/08/14
MYGH04,“a,TOWA,38.7860,141.3254,35,100,‹{ι§,MIYAGIKEN,38.7831,141.3289,KiK-net06,,,N.TOWH,2000/08/14
MYGH05,¬–μ“c,ONODA,38.5793,140.7804,59,337,‹{ι§,MIYAGIKEN,38.5764,140.7839,KiK-net11A,,,N.ONDH,2000/08/14
MYGH06,“cK,TAJIRI,38.5907,141.0710,20,100,‹{ι§,MIYAGIKEN,38.5878,141.0744,KiK-net06,,,N.TAJH,2000/08/14
MYGH07,μθ,KAWASAKI,38.1802,140.6405,186,142,‹{ι§,MIYAGIKEN,38.1772,140.6439,KiK-net11,,,N.KWSH,2000/08/14
MYGH08,βΐ,IWANUMA,38.1133,140.8441,10,100,‹{ι§,MIYAGIKEN,38.1103,140.8475,KiK-net06,,,N.IWNH,2000/08/14
MYGH09,”’Ξ,SHIROISHI,38.0091,140.6027,130,100,‹{ι§,MIYAGIKEN,38.0061,140.6061,KiK-net06,,,N.SISH,2000/08/14
MYGH10,R³,YAMAMOTO,37.9411,140.8924,18,205,‹{ι§,MIYAGIKEN,37.9381,140.8958,KiK-net11A,,,N.YMMH,2000/08/14
MYGH11,‰Ν–k,KAHOKU,38.5158,141.3421,5,207,‹{ι§,MIYAGIKEN,38.5129,141.3456,KiK-net06,,,N.KAKH,2001/03/07
MYGH12,u’Γμ,SHIZUGAWA,38.6416,141.4428,18,102,‹{ι§,MIYAGIKEN,38.6386,141.4463,---,‹x~,suspension,N.SZGH,2001/03/07
MYGH13,“μO—¤,MINAMISANRIKU,38.6993,141.4176,90,100,‹{ι§,MIYAGIKEN,38.6964,141.4211,KiK-net11,,,N.MSRH,2012/12/17
MYGH14,—•{,RIFU,38.3400,140.9551,48,1034,‹{ι§,MIYAGIKEN,38.3370,140.9586,KiK-net11,,,N.RIFH,2013/04/12
MYZH01,άƒ–£,GOKASE,32.6536,131.2257,605,103,‹{θ§,MIYAZAKIKEN,32.6502,131.2281,KiK-net06,,,N.GKSH,2000/08/14
MYZH02,–kμ,KITAGAWA,32.6972,131.6829,20,210,‹{θ§,MIYAZAKIKEN,32.6938,131.6854,KiK-net06,,,N.KIGH,2000/08/14
MYZH03,’Ε—t,SHIIBA,32.4754,131.1043,519,200,‹{θ§,MIYAZAKIKEN,32.4719,131.1067,KiK-net06,,,N.SBAH,2000/08/14
MYZH04,”’Λ,MOROTSUKA,32.5181,131.3349,250,100,‹{θ§,MIYAZAKIKEN,32.5147,131.3373,KiK-net06,,,N.MRTH,2000/08/14
MYZH05,“μ‹½,NANGO,32.3470,131.2668,353,100,‹{θ§,MIYAZAKIKEN,32.3436,131.2692,KiK-net06,,,N.NANH,2000/08/14
MYZH06,“‹½,TOGO,32.3607,131.4643,100,100,‹{θ§,MIYAZAKIKEN,32.3572,131.4667,KiK-net06,,,N.TGOH,2000/08/14
MYZH07,Ό•Δ—Η,NISHIMERA,32.1987,131.1946,235,100,‹{θ§,MIYAZAKIKEN,32.1953,131.1969,KiK-net06,,,N.NRAH,2000/08/14
MYZH08,μ“μ,KAWAMINAMI,32.2132,131.5309,68,214,‹{θ§,MIYAZAKIKEN,32.2097,131.5333,KiK-net06,,,N.KWMH,2000/08/14
MYZH09,{–Ψ,SUKI,32.0421,131.0618,335,100,‹{θ§,MIYAZAKIKEN,32.0386,131.0642,KiK-net06,,,N.SUKH,2000/08/14
MYZH10,‘•x,KUNITOMI,32.0215,131.2900,80,100,‹{θ§,MIYAZAKIKEN,32.0181,131.2924,KiK-net06,,,N.KTMH,2000/08/14
MYZH11,²“y΄,SADOWARA,32.0208,131.4700,12,212,‹{θ§,MIYAZAKIKEN,32.0173,131.4724,KiK-net06,,,N.SDWH,2000/08/14
MYZH12,“sι–k,MIYAKONOJO-N,31.8643,130.9454,525,101,‹{θ§,MIYAZAKIKEN,31.8608,130.9478,KiK-net06,,,N.MJNH,2000/08/14
MYZH13,“sι“μ,MIYAKONOJO-S,31.7301,131.0791,152,117,‹{θ§,MIYAZAKIKEN,31.7267,131.0814,KiK-net06,,,N.MJSH,2000/08/14
MYZH14,“ϊ“μ,NICHINAN,31.5649,131.3510,5,201,‹{θ§,MIYAZAKIKEN,31.5614,131.3533,KiK-net06,,,N.NCNH,2000/08/14
MYZH15,“ϊό,HYUGA,32.3654,131.5893,170,200,‹{θ§,MIYAZAKIKEN,32.3619,131.5917,KiK-net06,,,N.HYGH,2000/12/05
MYZH16,‰„‰,NOBEOKA,32.5060,131.6958,2,100,‹{θ§,MIYAZAKIKEN,32.5026,131.6982,KiK-net06,,,N.NOBH,2002/03/26
NARH01,\’ΓμΌ,TOTSUKAWA-W,33.9666,135.6489,780,99,“ή—Η§,NARAKEN,33.9633,135.6518,KiK-net11A,,,N.TKWH,2000/08/14
NARH02,\’Γμ“,TOTSUKAWA-E,33.9692,135.8574,480,100,“ή—Η§,NARAKEN,33.9658,135.8603,KiK-net11A,,,N.TKEH,2000/08/14
NARH03,μγ,KAWAKAMI,34.2925,136.0022,358,101,“ή—Η§,NARAKEN,34.2892,136.0050,KiK-net11A,,,N.KAWH,2000/08/14
NARH04,•‘κ,KUROTAKI,34.3061,135.8369,387,101,“ή—Η§,NARAKEN,34.3028,135.8397,KiK-net11A,,,N.KRTH,2000/08/14
NARH05,“‹g–μ,HIGASHIYOSHINO,34.4237,136.0294,390,101,“ή—Η§,NARAKEN,34.4204,136.0323,KiK-net11A,,,N.HYSH,2000/08/14
NARH06,R“Y,YAMAZOE,34.6413,136.0512,277,101,“ή—Η§,NARAKEN,34.6381,136.0540,KiK-net11A,,,N.YZEH,2000/08/14
NARH07,“V—,TENRI,34.5843,135.8541,130,100,“ή—Η§,NARAKEN,34.5811,135.8569,KiK-net06,,,N.TRIH,2002/04/09
NGNH03,Ά’q2,ACHI2,35.4786,137.7346,870,165,’·–μ§,NAGANOKEN,35.4753,137.7376,KiK-net06,,,N.AC2H,2008/01/07
NGNH07,’†–μ,NAKANO,36.7434,138.3760,378,200,’·–μ§,NAGANOKEN,36.7403,138.3792,KiK-net06,,,N.NKNH,2000/08/14
NGNH08,O‹½,MISATO,36.2541,137.8591,668,250,’·–μ§,NAGANOKEN,36.2510,137.8622,KiK-net06,,,N.MSTH,2000/08/14
NGNH09,•Ξ,TAKESHI,36.2859,138.2491,605,100,’·–μ§,NAGANOKEN,36.2828,138.2522,KiK-net06,,,N.TKSH,2000/08/14
NGNH10,–Ψ‘c,KISO,35.9632,137.7669,960,104,’·–μ§,NAGANOKEN,35.9600,137.7700,KiK-net06,,,N.KSOH,2000/08/14
NGNH11,•xm©,FUJIMI,35.9157,138.3052,1238,206,’·–μ§,NAGANOKEN,35.9125,138.3083,KiK-net06,,,N.FMIH,2000/08/14
NGNH12,“μ–q,MINAMIMAKI,35.9696,138.4797,1320,206,’·–μ§,NAGANOKEN,35.9664,138.4828,KiK-net06,,,N.MMKH,2000/08/14
NGNH13,‹–Ψ,TAKAGI,35.5143,137.8767,423,124,’·–μ§,NAGANOKEN,35.5111,137.8797,KiK-net06,,,N.TKGH,2000/08/14
NGNH14,•½’J,HIRAYA,35.3095,137.6261,960,101,’·–μ§,NAGANOKEN,35.3063,137.6292,KiK-net06,,,N.HRYH,2000/08/14
NGNH15,’C–μ,TATSUNO,36.0088,137.9305,820,100,’·–μ§,NAGANOKEN,36.0056,137.9336,KiK-net06,,,N.TTNH,2001/03/07
NGNH16,–μ,CHINO,35.9465,138.1848,870,247,’·–μ§,NAGANOKEN,35.9433,138.1879,KiK-net06,,,N.CHNH,2001/03/07
NGNH17,²‹v,SAKU,36.1425,138.5504,860,100,’·–μ§,NAGANOKEN,36.1393,138.5535,KiK-net11A,,,N.SAKH,2003/01/15
NGNH18,J“c,KAIDA,35.9324,137.5950,1150,100,’·–μ§,NAGANOKEN,35.9292,137.5980,KiK-net06,,,N.KADH,2003/03/11
NGNH19,μγ,KAWAKAMI,35.9735,138.5845,1190,115,’·–μ§,NAGANOKEN,35.9703,138.5877,KiK-net06,,,N.KWKH,2003/01/17
NGNH20,γΌ,AGEMATSU,35.7870,137.7173,895,100,’·–μ§,NAGANOKEN,35.7839,137.7203,KiK-net06,,,N.AGMH,2002/12/19
NGNH21,Ι“ί,INA,35.8315,137.9236,770,180,’·–μ§,NAGANOKEN,35.8283,137.9267,KiK-net06,,,N.INHH,2003/01/16
NGNH22,’·’J,HASE,35.7946,138.0824,820,100,’·–μ§,NAGANOKEN,35.7914,138.0855,KiK-net06,,,N.HSEH,2003/01/15
NGNH23,“μ–Ψ‘],NAGISO,35.6056,137.6105,430,102,’·–μ§,NAGANOKEN,35.6024,137.6135,KiK-net06,,,N.NGIH,2002/12/21
NGNH24,Όμ,MATSUKAWA,35.6152,137.8797,715,107,’·–μ§,NAGANOKEN,35.6120,137.8827,KiK-net06,,,N.MTKH,2003/02/18
NGNH25,“μM”Z,MINAMISHINANO,35.2986,137.9268,430,102,’·–μ§,NAGANOKEN,35.2953,137.9298,KiK-net06,,,N.MSNH,2003/02/15
NGNH26,γR“c,KAMIYAMADA,36.4663,138.1474,395,103,’·–μ§,NAGANOKEN,36.4632,138.1505,KiK-net06,,,N.KMDH,2003/03/15
NGNH27,MBV,SHINSHUSHIN,36.5770,138.0479,505,102,’·–μ§,NAGANOKEN,36.5739,138.0510,KiK-net06,,,N.SSSH,2003/03/14
NGNH28,Λ‰B,TOGAKUSHI,36.7075,138.0964,935,120,’·–μ§,NAGANOKEN,36.7044,138.0995,KiK-net06,,,N.TGKH,2003/04/22
NGNH29,–μ‘ς‰·ς,NOZAWAONSEN,36.9102,138.4408,570,110,’·–μ§,NAGANOKEN,36.9072,138.4439,KiK-net06,,,N.NZWH,2003/04/18
NGNH30,“ήμ,NAGAWA,36.0640,137.6849,1095,101,’·–μ§,NAGANOKEN,36.0609,137.6880,KiK-net06,,,N.NGWH,2003/05/27
NGNH31,‰–K,SHIOJIRI,36.1184,137.9389,720,218,’·–μ§,NAGANOKEN,36.1153,137.9419,KiK-net06,,,N.SOJH,2003/05/14
NGNH32,Ό–{,MATSUMOTO,36.2578,137.9898,640,100,’·–μ§,NAGANOKEN,36.2546,137.9929,KiK-net06,,,N.MMOH,2003/05/06
NGNH33,¶β,IKUSAKA,36.4598,137.9637,490,106,’·–μ§,NAGANOKEN,36.4567,137.9668,KiK-net06,,,N.IKSH,2003/05/06
NGNH34,‘ε’¬’†,OHMACHI-C,36.5327,137.8201,825,106,’·–μ§,NAGANOKEN,36.5296,137.8231,KiK-net06,,,N.OM2H,2003/05/14
NGNH35,•δ‚,HOTAKA,36.3824,137.8201,720,105,’·–μ§,NAGANOKEN,36.3793,137.8231,KiK-net06,,,N.HOTH,2003/05/14
NGNH36,”’”n,HAKUBA,36.6984,137.8482,725,629,’·–μ§,NAGANOKEN,36.6953,137.8513,KiK-net06,,,N.HBAH,2004/05/20
NGNH37,δ‘γ“c,MIYOTA,36.3308,138.4967,845,709,’·–μ§,NAGANOKEN,36.3277,138.4999,KiK-net06,,,N.MYTH,2004/09/22
NGNH54,”Ρ“c,IIDA,35.4489,138.0058,1168,104,’·–μ§,NAGANOKEN,35.4456,138.0088,KiK-net06,,,N.IIDH,2009/03/24
NGSH01,•½Λ,HIRADO,33.2116,129.4353,30,207,’·θ§,NAGASAKIKEN,33.2083,129.4375,KiK-net06,,,N.HRDH,2000/08/14
NGSH02,²Ά•Ϋ–k,SASEBO-N,33.2122,129.7652,140,112,’·θ§,NAGASAKIKEN,33.2089,129.7675,KiK-net06,,,N.SBNH,2000/08/14
NGSH03,²Ά•Ϋ“μ,SASEBO-S,33.1256,129.8102,10,200,’·θ§,NAGASAKIKEN,33.1222,129.8125,KiK-net06,,,N.SBSH,2000/08/14
NGSH04,‹ΥC,KINKAI,32.9553,129.8026,3,100,’·θ§,NAGASAKIKEN,32.9519,129.8049,KiK-net06,,,N.KKIH,2000/08/14
NGSH05,‚—,TAKAKI,32.9103,130.1408,29,200,’·θ§,NAGASAKIKEN,32.9069,130.1431,KiK-net06,,,N.TKKH,2000/08/14
NGSH06,’·θ,NAGASAKI,32.6999,129.8625,155,200,’·θ§,NAGASAKIKEN,32.6965,129.8647,KiK-net06,,,N.NGSH,2000/08/14
NIGH01,’·‰,NAGAOKA,37.4272,138.8876,85,100,Vƒ§,NIIGATAKEN,37.4242,138.8908,KiK-net11A,,,N.NGOH,2000/08/14
NIGH02,’©“ϊ,ASAHI,38.2799,139.5486,34,104,Vƒ§,NIIGATAKEN,38.2769,139.5519,KiK-net06,,,N.AHIH,2000/08/14
NIGH03,rμ,ARAKAWA,38.1327,139.4289,6,221,Vƒ§,NIIGATAKEN,38.1297,139.4322,KiK-net06,,,N.ARKH,2000/08/14
NIGH04,Φμ,SEKIKAWA,38.1313,139.5428,78,100,Vƒ§,NIIGATAKEN,38.1283,139.5461,KiK-net06,,,N.SKWH,2000/08/14
NIGH05,ΉβΔ,SEIRO,37.9759,139.2788,7,147,Vƒ§,NIIGATAKEN,37.9729,139.2821,KiK-net06,,,N.SROH,2000/08/14
NIGH06,‰Α–Ξ,KAMO,37.6527,139.0676,30,100,Vƒ§,NIIGATAKEN,37.6497,139.0708,KiK-net06,,,N.KMOH,2000/08/14
NIGH07,‘ΊΌ,MURAMATSU,37.6658,139.2610,75,106,Vƒ§,NIIGATAKEN,37.6628,139.2643,KiK-net06,,,N.MRMH,2000/08/14
NIGH08,’Γμ,TSUGAWA,37.6708,139.4648,68,300,Vƒ§,NIIGATAKEN,37.6678,139.4681,KiK-net06,,,N.TWAH,2000/08/14
NIGH09,‰Ί“c,SHITADA,37.5386,139.1279,93,100,Vƒ§,NIIGATAKEN,37.5356,139.1311,KiK-net06,,,N.STDH,2000/08/14
NIGH10,γμ,KAMIKAWA,37.5438,139.3648,218,100,Vƒ§,NIIGATAKEN,37.5408,139.3681,KiK-net06,,,N.KMKH,2000/11/09
NIGH11,μΌ,KAWANISHI,37.1728,138.7440,165,205,Vƒ§,NIIGATAKEN,37.1697,138.7472,KiK-net06,,,N.KWNH,2000/08/14
NIGH12,“’”V’J,YUNOTANI,37.2239,138.9821,110,110,Vƒ§,NIIGATAKEN,37.2208,138.9853,KiK-net06,,,N.YNTH,2000/08/14
NIGH13,–q,MAKI,37.0544,138.3966,230,100,Vƒ§,NIIGATAKEN,37.0514,138.3997,KiK-net06,,,N.MAKH,2000/08/14
NIGH14,‰–‘ς,SHIOZAWA,37.0303,138.8521,185,387,Vƒ§,NIIGATAKEN,37.0272,138.8553,KiK-net06,,,N.SZWH,2000/08/14
NIGH15,Z“ϊ,MUIKA,37.0533,138.9951,358,100,Vƒ§,NIIGATAKEN,37.0503,138.9983,KiK-net06,,,N.MUIH,2000/08/14
NIGH16,…‹›μ,ITOIGAWA,36.9378,137.8480,149,100,Vƒ§,NIIGATAKEN,36.9347,137.8511,KiK-net06,,,N.IGWH,2000/08/14
NIGH17,–­‚‚΄,MYOKO-KOGEN,36.8569,138.0966,1305,150,Vƒ§,NIIGATAKEN,36.8539,138.0997,KiK-net06,,,N.MKGH,2000/12/01
NIGH18,–­‚,MYOKO,36.9425,138.2594,240,110,Vƒ§,NIIGATAKEN,36.9394,138.2625,KiK-net06,,,N.MKOH,2000/08/14
NIGH19,“’‘ς,YUZAWA,36.8114,138.7849,985,100,Vƒ§,NIIGATAKEN,36.8083,138.7881,KiK-net06,,,N.YZWH,2000/08/14
NMRH01,•W’Γ–k,SHIBETSU-N,43.7850,145.0246,80,110,–kC“Ή,HOKKAIDO,43.7825,145.0286,KiK-net06,,,N.STNH,2000/08/14
NMRH02,•W’Γ“μ,SHIBETSU-S,43.6772,144.9618,165,103,–kC“Ή,HOKKAIDO,43.6747,144.9658,KiK-net06,,,N.STSH,2000/08/14
NMRH03,’†•W’Γ,NAKASHIBETSU,43.5508,144.9665,30,228,–kC“Ή,HOKKAIDO,43.5483,144.9706,KiK-net06,,,N.NSTH,2000/08/14
NMRH04,•ΚC“,BEKKAI-E,43.3978,145.1224,30,216,–kC“Ή,HOKKAIDO,43.3953,145.1264,KiK-net11A,,,N.BKEH,2000/08/14
NMRH05,•ΚCΌ,BEKKAI-W,43.3900,144.8021,92,220,–kC“Ή,HOKKAIDO,43.3875,144.8061,KiK-net06,,,N.BKWH,2000/08/14
OITH01,R‘,YAMAGUNI,33.4122,131.0326,249,200,‘ε•§,OITAKEN,33.4089,131.0350,KiK-net06,,,N.YGNH,2000/08/14
OITH02,R,YAMAGA,33.4581,131.4429,165,100,‘ε•§,OITAKEN,33.4547,131.4453,KiK-net06,,,N.YMGH,2000/08/14
OITH03,ΐς,AKI,33.4736,131.6856,35,400,‘ε•§,OITAKEN,33.4703,131.6881,KiK-net06,,,N.AKIH,2000/08/14
OITH04,―“ΰ,SHONAI,33.1306,131.3473,500,230,‘ε•§,OITAKEN,33.1272,131.3497,KiK-net06,,,N.SNIH,2000/08/14
OITH05,–μ’Γ΄,NOTSUHARA,33.1525,131.5420,160,100,‘ε•§,OITAKEN,33.1492,131.5444,KiK-net06,,,N.NTHH,2000/08/14
OITH06,’|“c,TAKETA,32.9726,131.3984,260,103,‘ε•§,OITAKEN,32.9692,131.4008,KiK-net06,,,N.TAKH,2000/08/14
OITH07,Od,MIE,32.9870,131.5881,160,101,‘ε•§,OITAKEN,32.9836,131.5905,KiK-net06,,,N.MIEH,2000/08/14
OITH08,‰F–ΪΌ,UME-W,32.8392,131.5357,260,101,‘ε•§,OITAKEN,32.8358,131.5381,KiK-net06,,,N.UMWH,2000/08/14
OITH09,‰F–Ϊ“,UME-E,32.8486,131.6786,190,100,‘ε•§,OITAKEN,32.8452,131.6810,KiK-net06,,,N.UMEH,2000/08/14
OITH10,²”,SAIKI,32.9278,131.8695,80,100,‘ε•§,OITAKEN,32.9244,131.8719,KiK-net11A,,,N.SIKH,2000/08/14
OITH11,‹γd,KOKONOE,33.2844,131.2118,460,160,‘ε•§,OITAKEN,33.2811,131.2142,KiK-net06,,,N.KKEH,2002/03/19
OKYH01,‹Κ–μ,TAMANO,34.5070,133.8905,10,201,‰R§,OKAYAMAKEN,34.5037,133.8931,KiK-net11A,,,N.TAMH,2000/08/14
OKYH02,£Λ,SETO,34.7501,134.0702,30,200,‰R§,OKAYAMAKEN,34.7468,134.0728,KiK-net11A,,,N.SETH,2000/08/14
OKYH03,‰R,OKAYAMA,34.7783,133.7890,100,201,‰R§,OKAYAMAKEN,34.7751,133.7917,KiK-net11A,,,N.OKYH,2000/08/14
OKYH04,^”υ,MABI,34.6429,133.6861,50,100,‰R§,OKAYAMAKEN,34.6397,133.6888,KiK-net11A,,,N.MABH,2000/08/14
OKYH05,•”,TAKEBE,34.8684,133.8527,320,100,‰R§,OKAYAMAKEN,34.8652,133.8554,KiK-net11A,,,N.TKBH,2000/08/14
OKYH06,”ό―,BISEI,34.6756,133.5283,385,100,‰R§,OKAYAMAKEN,34.6724,133.5309,KiK-net11A,,,N.BSEH,2000/08/14
OKYH07,_‹½,SHINGO,35.0493,133.3169,564,100,‰R§,OKAYAMAKEN,35.0461,133.3196,KiK-net11A,,,N.SGOH,2000/08/14
OKYH08,“N‘½,TETTA,34.9103,133.4055,430,100,‰R§,OKAYAMAKEN,34.9071,133.4081,KiK-net11A,,,N.TTAH,2000/08/14
OKYH09,“’΄,YUBARA,35.1809,133.6765,405,100,‰R§,OKAYAMAKEN,35.1777,133.6792,KiK-net11A,,,N.YBRH,2000/08/14
OKYH10,γΦ΄,KAMISAIBARA,35.2826,133.9263,495,200,‰R§,OKAYAMAKEN,35.2794,133.9290,KiK-net11A,,,N.KSBH,2000/08/14
OKYH11,‰›,SHOO,35.0732,134.1162,129,200,‰R§,OKAYAMAKEN,35.0700,134.1189,KiK-net11A,,,N.SYOH,2000/08/14
OKYH12,‘ε΄,OHARA,35.0999,134.3190,280,200,‰R§,OKAYAMAKEN,35.0967,134.3217,KiK-net11A,,,N.OHAH,2000/08/14
OKYH13,“ϊ¶,HINASE,34.7283,134.2744,3,103,‰R§,OKAYAMAKEN,34.7251,134.2771,KiK-net06,,,N.HNSH,2000/08/14
OKYH14,–k–[,HOKUBO,34.9363,133.6205,218,100,‰R§,OKAYAMAKEN,34.9331,133.6232,KiK-net06,,,N.HKBH,2000/08/14
OSKH01,“cK,TAJIRI,34.3977,135.2836,5,1505,‘εγ•{,OSAKAFU,34.3944,135.2864,KiK-net06,,,N.TJRH,2000/08/14
OSKH02,‰Τ,KONOHANA,34.6628,135.3896,7,2008,‘εγ•{,OSAKAFU,34.6595,135.3924,KiK-net11A,,,N.KNHH,2000/08/14
OSKH03,‘Ύq,TAISHI,34.5248,135.6608,129,100,‘εγ•{,OSAKAFU,34.5215,135.6636,KiK-net11A,,,N.TISH,2000/08/14
OSKH04,π–μ,KATANO,34.7630,135.7052,240,200,‘εγ•{,OSAKAFU,34.7597,135.7081,KiK-net11A,,,N.KTNH,2000/08/14
OSKH05,‘εγ,OSAKA,34.7159,135.5199,1,982,‘εγ•{,OSAKAFU,34.7127,135.5227,KiK-net06,,,N.OSKH,2006/08/29
OSMH01,’m“ΰ,SHIRIUCHI,41.5977,140.4207,5,150,–kC“Ή,HOKKAIDO,41.5951,140.4243,KiK-net06,,,N.SRUH,2000/12/04
OSMH02,γι,KAMIISO,41.8374,140.6331,10,360,–kC“Ή,HOKKAIDO,41.8349,140.6367,KiK-net11A,,,N.KAIH,2000/12/05
RMIH01,–y‰„,HORONOBE,45.0167,142.0795,30,100,–kC“Ή,HOKKAIDO,45.0144,142.0833,KiK-net06,,,N.HNBH,2000/08/14
RMIH02,“V‰–,TESHIO,44.8948,141.9251,10,107,–kC“Ή,HOKKAIDO,44.8925,141.9289,KiK-net06,,,N.TSOH,2000/08/14
RMIH03,‰“•Κ,EMBETSU,44.6359,141.8187,20,209,–kC“Ή,HOKKAIDO,44.6336,141.8225,KiK-net06,,,N.EBTH,2000/08/14
RMIH04,¬•½“,OBIRA-E,44.0974,141.9621,102,100,–kC“Ή,HOKKAIDO,44.0951,141.9659,KiK-net06,,,N.OREH,2000/08/14
RMIH05,¬•½Ό,OBIRA-W,44.0254,141.7876,21,105,–kC“Ή,HOKKAIDO,44.0231,141.7914,KiK-net06,,,N.ORWH,2000/08/14
SAGH01,’ΑΌ,CHINZEI,33.5080,129.8877,118,200,²‰κ§,SAGAKEN,33.5047,129.8899,KiK-net06,,,N.CZEH,2000/08/14
SAGH02,Ι–—Ά,IMARI,33.2656,129.8798,31,102,²‰κ§,SAGAKEN,33.2623,129.8821,KiK-net11A,,,N.IMRH,2000/08/14
SAGH03,•xm,FUJI,33.4098,130.2329,375,103,²‰κ§,SAGAKEN,33.4065,130.2353,KiK-net06,,,N.FJIH,2000/08/14
SAGH04,“U,HIGASHISEFURI,33.3654,130.4046,55,200,²‰κ§,SAGAKEN,33.3621,130.4069,KiK-net06,,,N.HSFH,2000/08/14
SAGH05,”’Ξ,SHIROISHI,33.1806,130.1046,18,203,²‰κ§,SAGAKEN,33.1772,130.1069,KiK-net06,,,N.SRIH,2000/08/14
SBSH01,Γ•½,FURUBIRA,43.2341,140.6228,28,100,–kC“Ή,HOKKAIDO,43.2317,140.6264,KiK-net06,,,N.FBRH,2000/12/04
SBSH02,”‘,TOMARI,43.0527,140.5017,25,100,–kC“Ή,HOKKAIDO,43.0503,140.5053,KiK-net06,,,N.TOMH,2000/12/04
SBSH03,Τδμ,AKAIGAWA,43.0842,140.8199,145,220,–kC“Ή,HOKKAIDO,43.0818,140.8235,KiK-net06,,,N.AGWH,2000/12/04
SBSH04,‹¤a,KYOWA,42.9758,140.6219,20,200,–kC“Ή,HOKKAIDO,42.9733,140.6256,KiK-net06,,,N.KYOH,2000/12/04
SBSH05,‹δ’mΐ,KUCCHAN,42.9500,140.8223,240,100,–kC“Ή,HOKKAIDO,42.9476,140.8259,KiK-net06,,,N.CCNH,2001/01/12
SBSH06,—–‰z,RANKOSHI,42.8309,140.4831,39,130,–kC“Ή,HOKKAIDO,42.8285,140.4867,KiK-net06,,,N.RNKH,2001/03/07
SBSH07,^λ,MAKKARI,42.7630,140.8084,228,100,–kC“Ή,HOKKAIDO,42.7606,140.8121,KiK-net06,,,N.MKRH,2000/12/01
SBSH08,μ–Ξ•Κ,KIMOBETSU,42.7680,140.9766,285,100,–kC“Ή,HOKKAIDO,42.7656,140.9803,KiK-net06,,,N.KMBH,2000/12/01
SBSH09,•Ό“ΰ,KUROMATSUNAI,42.6104,140.4841,140,100,–kC“Ή,HOKKAIDO,42.6079,140.4877,KiK-net06,,,N.KMNH,2001/01/12
SBSH10,“‡–q,SHIMAMAKI,42.7797,140.1557,32,100,–kC“Ή,HOKKAIDO,42.7772,140.1593,KiK-net06,,,N.SMMH,2000/12/19
SIGH01,‘½‰κ,TAGA,35.2383,136.3599,610,100, ‰κ§,SHIGAKEN,35.2351,136.3628,KiK-net06,,,N.TAGH,2000/08/14
SIGH02,‘ε’Γ,OHTSU,35.2482,135.8671,305,100, ‰κ§,SHIGAKEN,35.2450,135.8700,KiK-net11A,,,N.OTUH,2000/08/14
SIGH03,My,SHIGARAKI,34.8530,136.0316,360,200, ‰κ§,SHIGAKEN,34.8497,136.0344,KiK-net11A,,,N.SGRH,2000/08/14
SIGH04,“ϊ–μ,HINO,34.9638,136.2610,320,200, ‰κ§,SHIGAKEN,34.9606,136.2639,KiK-net11A,,,N.HNOH,2000/08/14
SITH01,β’Ξ,IWATSUKI,35.9290,139.7349,8,3510,ι‹Κ§,SAITAMAKEN,35.9258,139.7381,KiK-net11A,,,N.IWTH,2008/03/21
SITH03,“ϊ‚,HIDAKA,35.8990,139.3843,51,1800,ι‹Κ§,SAITAMAKEN,35.8958,139.3875,KiK-net06,,,N.HDKH,2003/03/05
SITH04,‘ς,TOKOROZAWA,35.8028,139.5353,30,2000,ι‹Κ§,SAITAMAKEN,35.7996,139.5385,KiK-net06,,,N.TKRH,2003/03/05
SITH05,_ς,KAMIIZUMI,36.1509,139.0504,150,100,ι‹Κ§,SAITAMAKEN,36.1478,139.0536,KiK-net11A,,,N.KIZH,2000/08/14
SITH06,μ–{,KAWAMOTO,36.1131,139.2894,80,200,ι‹Κ§,SAITAMAKEN,36.1100,139.2926,KiK-net11A,,,N.KWTH,2000/09/01
SITH07,–ΌI,NAGURI,35.9118,139.1485,340,102,ι‹Κ§,SAITAMAKEN,35.9086,139.1517,KiK-net06,,,N.NGRH,2001/03/07
SITH08,¬­–μ,OGANO,36.0274,138.9691,295,100,ι‹Κ§,SAITAMAKEN,36.0243,138.9722,KiK-net11A,,,N.OGOH,2002/12/17
SITH09,F–μ,MINANO,36.0715,139.0993,165,122,ι‹Κ§,SAITAMAKEN,36.0683,139.1024,KiK-net06,,,N.MNAH,2002/12/25
SITH10,“sτμ,TOKIGAWA,35.9964,139.2191,180,102,ι‹Κ§,SAITAMAKEN,35.9933,139.2223,KiK-net11A,,,N.TOIH,2002/12/10
SITH11,”Ρ”\,HANNO,35.8637,139.2726,155,102,ι‹Κ§,SAITAMAKEN,35.8605,139.2758,KiK-net11A,,,N.HHNH,2002/12/20
SMNH01,”‘Ύ,HAKUTA,35.2963,133.2604,170,101,“‡§,SHIMANEKEN,35.2931,133.2630,KiK-net11A,,,N.HKTH,2000/08/14
SMNH02,m‘½,NITA,35.2235,133.0856,340,101,“‡§,SHIMANEKEN,35.2203,133.0882,KiK-net11A,,,N.NITH,2000/08/14
SMNH03,²“c,SADA,35.2243,132.7223,110,101,“‡§,SHIMANEKEN,35.2212,132.7249,KiK-net11A,,,N.SDAH,2000/08/14
SMNH04,—W’q,OCHI,35.0918,132.5308,240,101,“‡§,SHIMANEKEN,35.0886,132.5333,KiK-net11A,,,N.OOCH,2000/08/14
SMNH05,‰H{”ό,HASUMI,34.8697,132.6396,165,101,“‡§,SHIMANEKEN,34.8665,132.6422,KiK-net11A,,,N.HSMH,2000/08/14
SMNH06,‹ΰι,KANAGI,34.8839,132.2026,260,201,“‡§,SHIMANEKEN,34.8807,132.2051,KiK-net11A,,,N.KNGH,2000/08/14
SMNH07,”ό“s,MITO,34.6940,132.0402,290,209,“‡§,SHIMANEKEN,34.6908,132.0427,KiK-net06,,,N.MITH,2000/08/14
SMNH08,Ξ©,IWAMI,34.8801,132.4208,300,100,“‡§,SHIMANEKEN,34.8769,132.4233,KiK-net11A,,,N.IWAH,2000/08/14
SMNH09,•C©,HIKIMI,34.5725,132.0122,260,200,“‡§,SHIMANEKEN,34.5693,132.0147,KiK-net11A,,,N.HIKH,2000/08/14
SMNH10,”ό•ΫΦ,MIHONOSEKI,35.5579,133.3004,9,200,“‡§,SHIMANEKEN,35.5547,133.3031,KiK-net06,,,N.MHSH,2000/08/14
SMNH11,•½“c,HIRATA,35.4259,132.8008,30,200,“‡§,SHIMANEKEN,35.4228,132.8033,KiK-net06,,,N.HIRH,2000/08/14
SMNH12,‹g“c,YOSHIDA,35.1634,132.8558,380,101,“‡§,SHIMANEKEN,35.1603,132.8583,KiK-net06,,,N.YSDH,2000/08/14
SMNH13,]’Γ,GOTSU,35.0087,132.3069,100,100,“‡§,SHIMANEKEN,35.0056,132.3094,KiK-net06,,,N.GOTH,2000/08/14
SMNH14,Z“ϊs,MUIKAMACHI,34.3904,131.8925,249,100,“‡§,SHIMANEKEN,34.3872,131.8950,KiK-net06,,,N.MICH,2000/08/14
SMNH15,­“‡,KASHIMA,35.5232,133.0226,20,102,“‡§,SHIMANEKEN,35.5201,133.0252,KiK-net11A,,,N.KSIH,2002/03/19
SMNH16,‰Α–Ξ,KAMO,35.3422,132.8989,46,100,“‡§,SHIMANEKEN,35.3391,132.9014,KiK-net06,,,N.KACH,2002/03/14
SOYH01,‰•¥–k,SARUFUTSU-N,45.3346,142.1185,20,100,–kC“Ή,HOKKAIDO,45.3324,142.1224,KiK-net11A,,,N.SFNH,2000/08/14
SOYH02,‰•¥“μ,SARUFUTSU-S,45.2163,142.2254,5,100,–kC“Ή,HOKKAIDO,45.2141,142.2293,KiK-net06,,,N.SFSH,2000/08/14
SOYH03,’t“ΰΌ,WAKKANAI-W,45.2531,141.6334,8,137,–kC“Ή,HOKKAIDO,45.2508,141.6372,KiK-net06,,,N.WNWH,2000/08/14
SOYH04,’t“ΰ“,WAKKANAI-E,45.2303,141.8806,30,203,–kC“Ή,HOKKAIDO,45.2281,141.8844,KiK-net06,,,N.WNEH,2000/08/14
SOYH05,’t“ΰ–k,WAKKANAI-N,45.4883,141.8850,45,202,–kC“Ή,HOKKAIDO,45.4861,141.8889,KiK-net06,,,N.WNNH,2000/12/15
SOYH06,–L•x,TOYOTOMI,45.1019,141.7834,15,135,–kC“Ή,HOKKAIDO,45.0997,141.7872,KiK-net11A,,,N.TYTH,2000/12/14
SOYH07,•l“Ϊ•Κ,HAMATOMBETSU,45.1001,142.4307,7,150,–kC“Ή,HOKKAIDO,45.0978,142.4346,KiK-net06,,,N.HTBH,2000/12/15
SOYH08,’†“Ϊ•Κ,NAKATOMBETSU,44.9387,142.2247,40,100,–kC“Ή,HOKKAIDO,44.9364,142.2286,KiK-net06,,,N.NTBH,2001/05/15
SOYH09,‰Μ“o–k,UTANOBORI-N,44.8570,142.4868,20,100,–kC“Ή,HOKKAIDO,44.8547,142.4907,KiK-net06,,,N.UNNH,2000/12/14
SOYH10,‰Μ“o“μ,UTANOBORI-S,44.7433,142.6039,73,100,–kC“Ή,HOKKAIDO,44.7410,142.6078,KiK-net06,,,N.UNSH,2001/05/29
SRCH01,–y‰Α“ΰ–k,HOROKANAI-N,44.2803,142.1594,260,100,–kC“Ή,HOKKAIDO,44.2780,142.1633,KiK-net06,,,N.HONH,2000/08/14
SRCH02,–y‰Α“ΰ’†,HOROKANAI-C,44.1160,142.1414,200,100,–kC“Ή,HOKKAIDO,44.1136,142.1452,KiK-net06,,,N.HOCH,2000/08/14
SRCH03,–y‰Α“ΰ“μ,HOROKANAI-S,43.9994,142.1258,155,100,–kC“Ή,HOKKAIDO,43.9970,142.1296,KiK-net06,,,N.HOSH,2000/08/14
SRCH04,ΐ“c,NUMATA,43.8203,141.9397,100,105,–kC“Ή,HOKKAIDO,43.8179,141.9435,KiK-net06,,,N.NUMH,2000/08/14
SRCH05,[μ–k,FUKAGAWA-N,43.8243,142.1594,200,102,–kC“Ή,HOKKAIDO,43.8219,142.1632,KiK-net06,,,N.FGNH,2000/09/06
SRCH06,[μ“μ,FUKAGAWA-S,43.6948,142.0776,80,147,–kC“Ή,HOKKAIDO,43.6924,142.0814,KiK-net11A,,,N.FGSH,2000/08/14
SRCH07,O},MIKASA,43.2300,141.8978,75,200,–kC“Ή,HOKKAIDO,43.2276,141.9016,KiK-net06,,,N.MSAH,2000/08/14
SRCH08,»μ,SUNAGAWA,43.5138,141.9090,30,122,–kC“Ή,HOKKAIDO,43.5114,141.9128,KiK-net06,,,N.SUGH,2001/01/15
SRCH09,IR,KURIYAMA,43.0587,141.8063,30,122,–kC“Ή,HOKKAIDO,43.0563,141.8100,KiK-net06,,,N.KYMH,2001/01/15
SRCH10,—[’£,YUBARI,42.9930,142.0085,195,200,–kC“Ή,HOKKAIDO,42.9905,142.0123,KiK-net06,,,N.YUBH,2001/01/15
SZOH24,ψ²,INASA,34.8343,137.6616,19,300,Γ‰§,SHIZUOKAKEN,34.8310,137.6646,KiK-net06,,,N.INSH,2002/05/23
SZOH25,V‹,ARAI,34.6913,137.5604,6,450,Γ‰§,SHIZUOKAKEN,34.6879,137.5634,KiK-net11A,,,N.ARIH,2002/05/31
SZOH26,‘άδ,FUKUROI,34.7948,137.9034,23,450,Γ‰§,SHIZUOKAKEN,34.7915,137.9064,KiK-net06,,,N.FKRH,2002/05/28
SZOH28,•lΌ,HAMAMATSU,34.6683,137.7441,5,996,Γ‰§,SHIZUOKAKEN,34.6650,137.7471,KiK-net11A,,,N.HMMH,2003/04/10
SZOH29,Γ‰–k,SHIZUOKA-N,35.3070,138.1973,880,102,Γ‰§,SHIZUOKAKEN,35.3038,138.2003,KiK-net11A,,,N.SONH,2003/02/18
SZOH30,…E–k,MISAKUBO-N,35.2233,137.9181,540,102,Γ‰§,SHIZUOKAKEN,35.2201,137.9212,KiK-net06,,,N.MS2H,2003/02/25
SZOH31,μ,KAWANE,34.9398,138.0767,145,102,Γ‰§,SHIZUOKAKEN,34.9365,138.0798,KiK-net06,,,N.KNEH,2003/02/15
SZOH32,—΄R“,TATSUYAMA-E,35.0086,137.8409,325,103,Γ‰§,SHIZUOKAKEN,35.0053,137.8439,KiK-net06,,,N.TT2H,2003/02/28
SZOH33,Γ‰“μ,SHIZUOKA-S,35.0146,138.3526,50,102,Γ‰§,SHIZUOKAKEN,35.0113,138.3557,KiK-net06,,,N.SOSH,2003/02/25
SZOH34,΄…–k,SHIMIZU-N,35.1304,138.4243,540,118,Γ‰§,SHIZUOKAKEN,35.1271,138.4273,KiK-net06,,,N.SZUH,2003/02/18
SZOH35,Ι“’†,ITO-C,34.9467,139.0855,140,300,Γ‰§,SHIZUOKAKEN,34.9434,139.0887,KiK-net11A,,,N.ITHH,2003/02/18
SZOH36,“΅},FUJIEDA,34.9142,138.2008,90,100,Γ‰§,SHIZUOKAKEN,34.9109,138.2038,KiK-net06,,,N.FJEH,2003/02/22
SZOH37,Εμ,SHIBAKAWA,35.2028,138.5659,80,304,Γ‰§,SHIZUOKAKEN,35.1995,138.5690,KiK-net11A,,,N.SBKH,2003/02/08
SZOH38,”“μ,KANNAMI,35.0854,138.9779,100,200,Γ‰§,SHIZUOKAKEN,35.0821,138.9810,KiK-net11A,,,N.KNIH,2003/02/08
SZOH39,ΌΙ“¤Ό,NISHIIZU-W,34.7988,138.7724,130,103,Γ‰§,SHIZUOKAKEN,34.7954,138.7755,KiK-net06,,,N.NS2H,2003/01/25
SZOH40,‰Ν’Γ,KAWAZU,34.7832,138.9700,235,207,Γ‰§,SHIZUOKAKEN,34.7798,138.9732,KiK-net11A,,,N.KWZH,2003/03/11
SZOH41,“μΙ“¤,MINAMIIZU,34.6749,138.8340,60,109,Γ‰§,SHIZUOKAKEN,34.6715,138.8372,KiK-net06,,,N.MIZH,2003/01/21
SZOH42,C‘P›,SHUZENJI,34.9756,138.9128,250,203,Γ‰§,SHIZUOKAKEN,34.9723,138.9159,KiK-net11A,,,N.SZJH,2003/05/06
SZOH43,΄…“μ,SHIMIZU-S,34.9739,138.4924,20,239,Γ‰§,SHIZUOKAKEN,34.9706,138.4955,KiK-net11A,,,N.SMSH,2003/05/16
SZOH53,|μ3,KAKEGAWA3,34.8768,138.0174,182,100,Γ‰§,SHIZUOKA KEN,34.8735,138.0205,KiK-net06,,,N.KG3H,2011/02/15
SZOH54,‰“‡2,HATSUSHIMA2,35.0417,139.1685,20,110,Γ‰§,SHIZUOKA KEN,35.0384,139.1716,KiK-net06,,,N.HT2H,2011/03/31
TCGH06,^‰,MOKA,36.4458,139.9509,70,1648,“Θ–Ψ§,TOCHIGIKEN,36.4427,139.9541,KiK-net06,,,N.MOKH,2003/03/05
TCGH07,IRΌ,KURIYAMA-W,36.8817,139.4534,1085,100,“Θ–Ψ§,TOCHIGIKEN,36.8786,139.4567,KiK-net06,,,N.KYWH,2000/08/14
TCGH08,IR“,KURIYAMA-E,36.8828,139.6459,702,203,“Θ–Ψ§,TOCHIGIKEN,36.8797,139.6492,KiK-net11A,,,N.KYEH,2000/08/14
TCGH09,–ξ”Β,YAITA,36.8625,139.8364,564,103,“Θ–Ψ§,TOCHIGIKEN,36.8594,139.8397,KiK-net06,,,N.YITH,2000/08/14
TCGH10,‘ε“c΄,OTAWARA,36.8578,140.0225,203,132,“Θ–Ψ§,TOCHIGIKEN,36.8547,140.0258,KiK-net11A,,,N.OTWH,2000/08/14
TCGH11,΅s,IMAICHI,36.7084,139.7694,290,200,“Θ–Ψ§,TOCHIGIKEN,36.7053,139.7727,KiK-net11A,,,N.IICH,2000/08/14
TCGH12,‰Ζ,UJIIE,36.6959,139.9842,162,120,“Θ–Ψ§,TOCHIGIKEN,36.6928,139.9875,KiK-net06,,,N.UJEH,2000/08/14
TCGH13,”n“,BATO,36.7342,140.1781,135,140,“Θ–Ψ§,TOCHIGIKEN,36.7311,140.1814,KiK-net06,,,N.BTOH,2000/08/14
TCGH14,Ύ–μ,AWANO,36.5509,139.6154,180,100,“Θ–Ψ§,TOCHIGIKEN,36.5478,139.6186,KiK-net11A,,,N.AWNH,2000/08/14
TCGH15,‰F“s‹{,UTSUNOMIYA,36.5595,139.8637,125,300,“Θ–Ψ§,TOCHIGIKEN,36.5564,139.8669,KiK-net06,,,N.UMYH,2000/08/14
TCGH16,–F‰κ,HAGA,36.5480,140.0751,105,112,“Θ–Ψ§,TOCHIGIKEN,36.5449,140.0784,KiK-net11A,,,N.HGAH,2000/08/14
TCGH17,“΅΄2,FUJIHARA2,36.9853,139.6922,635,104,“Θ–Ψ§,TOCHIGIKEN,36.9823,139.6955,KiK-net06,,,N.FJ2H,2004/06/11
TKCH01,—¤•Κ,RIKUBETSU,43.4683,143.6830,251,122,–kC“Ή,HOKKAIDO,43.4658,143.6869,KiK-net06,,,N.RKBH,2000/08/14
TKCH02,‘«ρ“,ASHORO-E,43.3822,143.8983,328,103,–kC“Ή,HOKKAIDO,43.3797,143.9022,KiK-net06,,,N.AYEH,2000/08/14
TKCH03,‘«ρΌ,ASHORO-W,43.2708,143.4317,199,200,–kC“Ή,HOKKAIDO,43.2683,143.4356,KiK-net06,,,N.AYWH,2000/08/14
TKCH04,V“Ύ“μ,SHINTOKU-S,43.1739,142.9176,220,172,–kC“Ή,HOKKAIDO,43.1714,142.9214,KiK-net06,,,N.SKSH,2000/09/06
TKCH05,–{•Κ,HOMBETSU,43.1211,143.6181,65,100,–kC“Ή,HOKKAIDO,43.1186,143.6219,KiK-net06,,,N.HBTH,2000/08/14
TKCH06,‰θΊ,MEMURO,42.8920,143.0603,97,227,–kC“Ή,HOKKAIDO,42.8894,143.0642,KiK-net06,,,N.MMRH,2000/08/14
TKCH07,–L ,TOYOKORO,42.8114,143.5203,9,100,–kC“Ή,HOKKAIDO,42.8089,143.5242,KiK-net06,,,N.TYRH,2000/08/14
TKCH08,‘εχ,TAIKI,42.4865,143.1520,360,100,–kC“Ή,HOKKAIDO,42.4839,143.1558,KiK-net06,,,N.TKIH,2000/09/07
TKCH10,V“Ύ–k,SHINTOKU-N,43.3337,142.9448,365,100,–kC“Ή,HOKKAIDO,43.3313,142.9486,KiK-net06,,,N.SKNH,2001/05/15
TKCH11,΄…,SHIMIZU,42.8742,142.8830,419,100,–kC“Ή,HOKKAIDO,42.8717,142.8868,KiK-net06,,,N.SHZH,2001/01/12
TKSH01,“ϊa²,HIWASA,33.7751,134.4994,155,100,“Ώ“‡§,TOKUSHIMAKEN,33.7717,134.5021,KiK-net11A,,,N.HWSH,2000/08/14
TKSH02,’ευ,SADAMITSU,34.0112,134.0918,190,100,“Ώ“‡§,TOKUSHIMAKEN,34.0079,134.0945,KiK-net11A,,,N.SADH,2000/08/14
TKSH03,–Ψ‰®•½,KOYADAIRA,33.8778,134.1294,640,201,“Ώ“‡§,TOKUSHIMAKEN,33.8745,134.1321,KiK-net11A,,,N.KYDH,2000/08/14
TKSH04,“Ώ“‡,TOKUSHIMA,33.9902,134.5337,10,100,“Ώ“‡§,TOKUSHIMAKEN,33.9869,134.5364,KiK-net06,,,N.TOKH,2002/03/12
TKSH05,C“μ,KAINAN,33.6628,134.3156,40,143,“Ώ“‡§,TOKUSHIMAKEN,33.6594,134.3183,KiK-net06,,,N.KNNH,2002/03/14
TKSH06,δμ,IKAWA,33.9997,133.8933,605,157,“Ώ“‡§,TOKUSHIMAKEN,33.9964,133.8959,KiK-net06,,,N.IKWH,2004/03/13
TKYH02,•{’†,FUCHU,35.6539,139.4704,45,2753,“‹“s,TOKYOTO,35.6507,139.4736,KiK-net06,,,N.FCHH,2008/03/25
TKYH11,]“,KOTO,35.6114,139.8125,6,3000,“‹“s,TOKYOTO,35.6081,139.8157,KiK-net11A,,,N.KOTH,2005/04/06
TKYH12,”‰¤q,HACHIOJI,35.6701,139.2650,210,147,“‹“s,TOKYOTO,35.6669,139.2682,KiK-net11A,,,N.HOJH,2003/01/15
TKYH13,w΄“μ,HINOHARA-S,35.7017,139.1275,360,100,“‹“s,TOKYOTO,35.6984,139.1306,KiK-net06,,,N.HH2H,2003/01/15
TTRH01,’q“,CHIZU,35.2604,134.2173,230,200,’Ήζ§,TOTTORIKEN,35.2572,134.2200,KiK-net11A,,,N.CHZH,2000/08/14
TTRH02,“ϊ–μ,HINO,35.2313,133.3909,410,100,’Ήζ§,TOTTORIKEN,35.2281,133.3936,KiK-net11A,,,N.HINH,2000/08/14
TTRH03,aϋ,MIZOKUCHI,35.3553,133.4918,420,200,’Ήζ§,TOTTORIKEN,35.3522,133.4944,KiK-net11A,,,N.MZKH,2000/08/14
TTRH04,Τκ,AKASAKI,35.4668,133.6307,114,207,’Ήζ§,TOTTORIKEN,35.4636,133.6333,KiK-net06,,,N.AKSH,2000/08/14
TTRH05,β”ό,IWAMI,35.5729,134.3426,15,152,’Ήζ§,TOTTORIKEN,35.5698,134.3454,KiK-net06,,,N.IAMH,2000/12/07
TTRH06,‰Ν΄,KAWAHARA,35.3946,134.1988,30,100,’Ήζ§,TOTTORIKEN,35.3914,134.2015,KiK-net06,,,N.KWHH,2002/03/13
TTRH07,Φ‹ΰ,SEKIGANE,35.3649,133.7486,135,100,’Ήζ§,TOTTORIKEN,35.3618,133.7513,KiK-net06,,,N.SKGH,2002/03/12
TYMH01,•X©,HIMI,36.8866,136.9276,30,200,•xR§,TOYAMAKEN,36.8836,136.9306,KiK-net06,,,N.HIMH,2000/08/14
TYMH02,‘ε–ε,DAIMON,36.7142,137.0378,5,212,•xR§,TOYAMAKEN,36.7111,137.0408,KiK-net06,,,N.DMOH,2000/08/14
TYMH03,•xR,TOYAMA,36.7294,137.2627,8,580,•xR§,TOYAMAKEN,36.7263,137.2658,KiK-net06,,,N.TOYH,2000/08/14
TYMH04,‹›’Γ,UOZU,36.7914,137.4689,154,100,•xR§,TOYAMAKEN,36.7883,137.4719,KiK-net06,,,N.UOZH,2000/08/14
TYMH05,δ”g,INAMI,36.5736,136.9584,89,144,•xR§,TOYAMAKEN,36.5706,136.9614,KiK-net06,,,N.IMIH,2000/08/14
TYMH06,””φ,YATSUO,36.5711,137.1595,110,200,•xR§,TOYAMAKEN,36.5681,137.1625,KiK-net06,,,N.YTOH,2000/08/14
TYMH07,—‰κ,TOGA,36.4406,137.0392,670,100,•xR§,TOYAMAKEN,36.4375,137.0422,KiK-net06,,,N.TOGH,2000/08/14
WKYH01,Lμ,HIROGAWA,33.9804,135.2122,60,101,a‰ΜR§,WAKAYAMAKEN,33.9771,135.2150,KiK-net11A,,,N.HRKH,2000/08/14
WKYH02,‰Τ‰€,HANAZONO,34.1373,135.5369,400,100,a‰ΜR§,WAKAYAMAKEN,34.1340,135.5397,KiK-net11A,,,N.HNZH,2000/08/14
WKYH03,–μγ,NOKAMI,34.1314,135.3244,120,100,a‰ΜR§,WAKAYAMAKEN,34.1281,135.3272,KiK-net11A,,,N.NKMH,2000/08/14
WKYH04,‚·‚³‚έ,SUSAMI,33.5559,135.5454,130,100,a‰ΜR§,WAKAYAMAKEN,33.5525,135.5482,KiK-net11A,,,N.SSMH,2000/08/14
WKYH05,“ί’q‰Y,NACHIKATSUURA,33.6072,135.8619,30,100,a‰ΜR§,WAKAYAMAKEN,33.6038,135.8648,KiK-net11A,,,N.NKTH,2000/08/14
WKYH06,‘ε“ƒ,OTO,33.6948,135.5953,218,100,a‰ΜR§,WAKAYAMAKEN,33.6915,135.5981,KiK-net11A,,,N.OTOH,2000/08/14
WKYH07,γ•x“c,KAMITONDA,33.6894,135.4396,22,100,a‰ΜR§,WAKAYAMAKEN,33.6861,135.4424,KiK-net11A,,,N.KTDH,2000/08/14
WKYH08,“ί‰κ,NAGA,34.3228,135.4483,560,112,a‰ΜR§,WAKAYAMAKEN,34.3194,135.4511,KiK-net11A,,,N.NAGH,2000/08/14
WKYH09,a‰ΜR,WAKAYAMA,34.2868,135.0714,5,200,a‰ΜR§,WAKAYAMAKEN,34.2835,135.0742,KiK-net11A,,,N.WKYH,2000/08/14
WKYH10,σ“μ,INAMI,33.8248,135.2172,40,100,a‰ΜR§,WAKAYAMAKEN,33.8214,135.2200,KiK-net11A,,,N.INMH,2000/08/14
YMGH01,–h•{,HOFU,34.0494,131.5618,35,200,Rϋ§,YAMAGUCHIKEN,34.0461,131.5642,KiK-net11A,,,N.HOFH,2000/08/14
YMGH02,”ό”I,MINE,34.1111,131.1434,70,200,Rϋ§,YAMAGUCHIKEN,34.1078,131.1458,KiK-net11A,,,N.MNEH,2000/08/14
YMGH03,β‘,IWAKUNI,34.1891,132.1260,85,200,Rϋ§,YAMAGUCHIKEN,34.1858,132.1285,KiK-net11A,,,N.IKNH,2000/08/14
YMGH04,ό“,SHUTO,34.0270,132.0626,175,100,Rϋ§,YAMAGUCHIKEN,34.0237,132.0651,KiK-net11A,,,N.SYTH,2000/08/14
YMGH05,”όμ,MIKAWA,34.1974,131.9943,68,200,Rϋ§,YAMAGUCHIKEN,34.1941,131.9968,KiK-net11A,,,N.MKWH,2000/08/14
YMGH06,‰F•”,UBE,33.9893,131.3012,80,200,Rϋ§,YAMAGUCHIKEN,33.9860,131.3036,KiK-net11A,,,N.UBEH,2000/08/14
YMGH07,‹eμ,KIKUGAWA,34.1149,131.0506,30,200,Rϋ§,YAMAGUCHIKEN,34.1117,131.0530,KiK-net11A,,,N.KIKH,2000/08/14
YMGH08,–L‰Y,TOYOURA,34.1349,130.9323,45,201,Rϋ§,YAMAGUCHIKEN,34.1316,130.9347,KiK-net11A,,,N.TYUH,2000/08/14
YMGH09,“c–μ,TAMAGAWA,34.6257,131.6681,10,100,Rϋ§,YAMAGUCHIKEN,34.6225,131.6706,KiK-net11A,,,N.TMGH,2000/08/14
YMGH10,‚ή‚Β‚έ,MUTSUMI,34.4837,131.6329,365,200,Rϋ§,YAMAGUCHIKEN,34.4805,131.6353,KiK-net11A,,,N.MTMH,2000/08/14
YMGH11,“Ώ’n,TOKUJI,34.2091,131.6859,120,200,Rϋ§,YAMAGUCHIKEN,34.2058,131.6883,KiK-net11A,,,N.TKJH,2000/08/14
YMGH12,”ό“,MITO,34.2176,131.3597,150,102,Rϋ§,YAMAGUCHIKEN,34.2143,131.3621,KiK-net06,,,N.MTOH,2000/08/14
YMGH13,’·–ε,NAGATO,34.3408,131.1770,42,200,Rϋ§,YAMAGUCHIKEN,34.3376,131.1794,KiK-net06,,,N.NGTH,2000/08/14
YMGH14,”‹,HAGI,34.3979,131.3774,5,100,Rϋ§,YAMAGUCHIKEN,34.3947,131.3798,KiK-net06,,,N.HGIH,2002/03/19
YMGH15,“ΏR,TOKUYAMA,33.9725,131.8149,100,110,Rϋ§,YAMAGUCHIKEN,33.9692,131.8174,KiK-net06,,,N.TKUH,2002/04/26
YMGH16,γΦ,KAMINOSEKI,33.8260,132.1040,65,106,Rϋ§,YAMAGUCHIKEN,33.8227,132.1064,KiK-net06,,,N.KNSH,2002/07/02
YMGH17,“a,TOWA,33.9291,132.4046,5,100,Rϋ§,YAMAGUCHIKEN,33.9258,132.4071,KiK-net06,,,N.TOHH,2002/03/21
YMNH08,Ό–μ΄,NISHINOHARA,35.6895,138.7340,375,1206,R—§,YAMANASHIKEN,35.6863,138.7371,KiK-net06,,,N.NSHH,2003/03/05
YMNH09,‘μ,HAYAKAWA,35.4327,138.3325,393,158,R—§,YAMANASHIKEN,35.4294,138.3356,KiK-net06,,,N.HYKH,2001/03/07
YMNH10,‘μ–k,HAYAKAWA-N,35.5351,138.3087,695,107,R—§,YAMANASHIKEN,35.5319,138.3118,KiK-net11A,,,N.HYNH,2003/02/11
YMNH11,‘ε,OHTSUKI,35.6247,138.9777,465,200,R—§,YAMANASHIKEN,35.6215,138.9808,KiK-net06,,,N.OOKH,2003/02/15
YMNH12,‘•δ,MASUHO,35.5623,138.4490,295,148,R—§,YAMANASHIKEN,35.5591,138.4521,KiK-net06,,,N.MSFH,2003/02/15
YMNH13,g‰„,MINOBU,35.3509,138.4203,255,204,R—§,YAMANASHIKEN,35.3476,138.4234,KiK-net11A,,,N.MBUH,2003/02/11
YMNH14,“s—―“μ,TSURU-S,35.5115,138.9675,1010,250,R—§,YAMANASHIKEN,35.5082,138.9707,KiK-net11A,,,N.TU2H,2003/07/18
YMNH15,γ‹γκF,KAMIKUISHIKI,35.5323,138.6045,525,116,R—§,YAMANASHIKEN,35.5291,138.6076,KiK-net11A,,,N.KKKH,2004/06/16
YMNH16,b•{2,KOFU2,35.7421,138.5653,595,256,R—§,YAMANASHIKEN,35.7389,138.5684,KiK-net06,,,N.KF2H,2006/11/06
YMTH01,“V“¶,TENDO,38.3841,140.3805,113,207,R`§,YAMAGATAKEN,38.3811,140.3839,KiK-net11A,,,N.TDOH,2000/08/14
YMTH02,R`,YAMAGATA,38.2693,140.2583,130,150,R`§,YAMAGATAKEN,38.2664,140.2617,KiK-net11A,,,N.YGTH,2000/08/14
YMTH03,“μ—z,NANYO,38.1035,140.1553,278,114,R`§,YAMAGATAKEN,38.1006,140.1586,KiK-net11A,,,N.NYOH,2000/08/14
YMTH04,γR,KAMINOYAMA,38.0813,140.2978,315,100,R`§,YAMAGATAKEN,38.0783,140.3011,KiK-net11A,,,N.KMYH,2000/08/14
YMTH05,¬‘,OGUNI,37.9883,139.8017,280,107,R`§,YAMAGATAKEN,37.9853,139.8050,KiK-net06,,,N.ONIH,2000/08/14
YMTH06,‚”©,TAKAHATA,37.9633,140.1836,233,145,R`§,YAMAGATAKEN,37.9603,140.1869,KiK-net11,,,N.THTH,2000/08/14
YMTH07,•Δ‘ς,YONEZAWA,37.8960,140.0278,352,200,R`§,YAMAGATAKEN,37.8931,140.0311,KiK-net06,,,N.YNZH,2000/08/14
YMTH08,””¦,YAWATA,38.9701,140.0333,115,106,R`§,YAMAGATAKEN,38.9672,140.0367,KiK-net11A,,,N.YWTH,2000/08/14
YMTH09,Λ‘ς,TOZAWA,38.7498,140.1780,65,200,R`§,YAMAGATAKEN,38.7469,140.1814,KiK-net11A,,,N.TZWH,2000/08/14
YMTH10,M`,FUNAGATA,38.7107,140.3744,105,204,R`§,YAMAGATAKEN,38.7078,140.3778,KiK-net11A,,,N.FGTH,2000/08/14
YMTH11,Εγ,MOGAMI,38.7132,140.5544,253,109,R`§,YAMAGATAKEN,38.7103,140.5578,KiK-net06,,,N.MGMH,2000/08/14
YMTH12,—§μ,TACHIKAWA,38.6357,140.0055,320,203,R`§,YAMAGATAKEN,38.6328,140.0089,KiK-net06,,,N.TCKH,2000/08/14
YMTH13,’©“ϊ,ASAHI,38.4704,139.7606,265,104,R`§,YAMAGATAKEN,38.4675,139.7639,KiK-net11A,,,N.ASAH,2000/08/14
YMTH14,ΌμΌ,NISHIKAWA-W,38.3860,139.9916,465,103,R`§,YAMAGATAKEN,38.3831,139.9950,KiK-net06,,,N.NKWH,2000/08/14
YMTH15,Όμ“,NISHIKAWA-E,38.4257,140.1249,305,100,R`§,YAMAGATAKEN,38.4228,140.1283,KiK-net06,,,N.NKEH,2000/08/14
