AIC001,”φΌ,BISAI,35.2976,136.7500,6.0,NA,¤’m§,AICHIKEN,35.2944,136.7530,K-NET11A,,
AIC002,¬–q,KOMAKI,35.2979,136.9153,20.0,NA,¤’m§,AICHIKEN,35.2947,136.9183,K-NET11A,,
AIC003,’Γ“‡,TSUSHIMA,35.1732,136.7404,-2.0,NA,¤’m§,AICHIKEN,35.1700,136.7433,K-NET11A,,
AIC004,–ΌΓ‰®,NAGOYA,35.0632,136.9737,27.4,NA,¤’m§,AICHIKEN,35.0600,136.9767,K-NET11A,,
AIC005,“΅‰,FUJIOKA,35.1979,137.2056,150.0,NA,¤’m§,AICHIKEN,35.1947,137.2086,K-NET11A,,
AIC006,ξ•,INABU,35.2159,137.5086,510.0,NA,¤’m§,AICHIKEN,35.2127,137.5116,K-NET11A,,
AIC007,‘«•,ASUKE,35.1394,137.3353,158.0,NA,¤’m§,AICHIKEN,35.1361,137.3383,---,‹x~,suspension
AIC008,έy,SHITARA,35.1006,137.5756,479.0,NA,¤’m§,AICHIKEN,35.0973,137.5786,K-NET11A,,
AIC009,–L“c,TOYOTA,35.0812,137.1464,60.0,NA,¤’m§,AICHIKEN,35.0780,137.1494,K-NET11A,,
AIC010,μθ,TSUKUDE,34.9803,137.4297,538,NA,¤’m§,AICHIKEN,34.9770,137.4327,K-NET11A,,
AIC011,’m‘½,CHITA,34.9965,136.8639,4.6,NA,¤’m§,AICHIKEN,34.9933,136.8669,K-NET11A,,
AIC012,ΐι,ANJO,34.9119,137.0447,5.5,NA,¤’m§,AICHIKEN,34.9086,137.0477,K-NET11A,,
AIC013,’·Β,NAGASHINO,34.9335,137.5761,80.0,NA,¤’m§,AICHIKEN,34.9302,137.5791,K-NET11A,,
AIC014,—S,GAMAGORI,34.8263,137.2200,3.8,NA,¤’m§,AICHIKEN,34.8230,137.2230,K-NET11A,,
AIC015,–L‹΄,TOYOHASHI,34.7549,137.4047,7.5,NA,¤’m§,AICHIKEN,34.7516,137.4077,K-NET11A,,
AIC016,”ό•l,MIHAMA,34.7788,136.9087,6.0,NA,¤’m§,AICHIKEN,34.7755,136.9116,K-NET11A,,
AIC017,“c΄,TAHARA,34.6728,137.2606,9.6,NA,¤’m§,AICHIKEN,34.6695,137.2636,K-NET11A,,
AIC018,­”ό,ATSUMI,34.6221,137.1078,10.0,NA,¤’m§,AICHIKEN,34.6188,137.1108,K-NET11A,,
AKT001,¬β,KOSAKA,40.3279,140.7428,168.0,NA,H“c§,AKITAKEN,40.3252,140.7463,K-NET11B,,
AKT002,‘εΩ,OHDATE,40.2677,140.5659,80.0,NA,H“c§,AKITAKEN,40.2650,140.5694,K-NET02,,
AKT003,“΅—Ά,FUJISATO,40.2782,140.2631,37.0,NA,H“c§,AKITAKEN,40.2755,140.2666,K-NET02,,
AKT004,”X,HACHIMORI,40.3888,139.9827,31.0,NA,H“c§,AKITAKEN,40.3861,139.9861,K-NET02,,
AKT005,”\‘γ,NOSHIRO,40.2032,140.0288,10.0,NA,H“c§,AKITAKEN,40.2005,140.0322,K-NET02,,
AKT006,­p,KAZUNO,40.2152,140.7873,120.0,NA,H“c§,AKITAKEN,40.2125,140.7908,K-NET11B,,
AKT007,‹Υ‹u,KOTOOKA,40.0376,140.0919,15,NA,H“c§,AKITAKEN,40.0349,140.0953,K-NET02,,
AKT008,”Ρ“cμ,IITAGAWA,39.8830,140.0716,2.0,NA,H“c§,AKITAKEN,39.8802,140.0750,K-NET02,,
AKT009,’j­,OGA,39.8879,139.8466,60.0,NA,H“c§,AKITAKEN,39.8852,139.8500,K-NET02,,
AKT010,H“c,AKITA,39.7225,140.1002,10.0,NA,H“c§,AKITAKEN,39.7197,140.1036,K-NET02,,
AKT011,‹{“c,MIYATA,39.8128,140.5803,320.0,NA,H“c§,AKITAKEN,39.8100,140.5838,K-NET11B,,
AKT012,“c‘ςΞ,TAZAWAKO,39.6991,140.7181,206.0,NA,H“c§,AKITAKEN,39.6963,140.7216,K-NET11B,,
AKT013,‹¦a,KYOWA,39.6069,140.3213,34.0,NA,H“c§,AKITAKEN,39.6041,140.3247,K-NET02,,
AKT014,pΩ,KAKUNODATE,39.5950,140.5554,58.0,NA,H“c§,AKITAKEN,39.5922,140.5588,K-NET11B,,
AKT015,–{‘‘,HONJO,39.3830,140.0499,29.0,NA,H“c§,AKITAKEN,39.3802,140.0533,K-NET02,,
AKT016,‘ε‹Θ,OHMAGARI,39.4544,140.4760,25.0,NA,H“c§,AKITAKEN,39.4516,140.4794,K-NET02,,
AKT017,‰΅θ,YOKOTE,39.2975,140.5629,77.0,NA,H“c§,AKITAKEN,39.2947,140.5663,K-NET02,,
AKT018,’ΉC,CHOKAI,39.1939,140.1902,130.0,NA,H“c§,AKITAKEN,39.1911,140.1936,K-NET11B,,
AKT019,—Y,OGACHI,39.0384,140.4510,170.0,NA,H“c§,AKITAKEN,39.0355,140.4544,K-NET11B,,
AKT020,Ϋƒ,KISAKATA,39.2022,139.9085,10.0,NA,H“c§,AKITAKEN,39.1994,139.9119,K-NET11B,,
AKT021,Άm,ANI,39.9950,140.4031,110.0,NA,H“c§,AKITAKEN,39.9922,140.4066,K-NET11B,,
AKT022,‹Κμ,TAMAGAWA,39.7739,140.6667,270.0,NA,H“c§,AKITAKEN,39.7711,140.6702,K-NET11B,,
AKT023,’Φ‘δ,TSUBAKIDAI,39.1462,140.7170,280.0,NA,H“c§,AKITAKEN,39.1433,140.7205,K-NET11B,,
AOM001,‘εΤ,OHMA,41.5267,140.9244,39.0,NA,ΒX§,AOMORIKEN,41.5241,140.9280,K-NET02,,
AOM002,•‰Y,FUKUURA,41.3280,140.8132,10.0,NA,ΒX§,AOMORIKEN,41.3254,140.8168,K-NET11B,,
AOM003,‘ε”¨,OHHATA,41.4053,141.1691,4.0,NA,ΒX§,AOMORIKEN,41.4027,141.1727,K-NET11B,,
AOM004,K‰®,SHIRIYA,41.4087,141.4486,30.0,NA,ΒX§,AOMORIKEN,41.4061,141.4522,K-NET02,,
AOM005,‚ή‚Β,MUTSU,41.2948,141.1972,10.0,NA,ΒX§,AOMORIKEN,41.2922,141.2008,K-NET11B,,
AOM006,μ“ΰ,KAWAUCHI,41.1976,140.9972,2.0,NA,ΒX§,AOMORIKEN,41.1950,141.0008,K-NET11B,,
AOM007,“μ’Κ,MINAMIDORI,41.1690,141.3846,17,NA,ΒX§,AOMORIKEN,41.1664,141.3882,K-NET02,,
AOM008,‰΅•l,YOKOHAMA,41.0840,141.2552,17.0,NA,ΒX§,AOMORIKEN,41.0813,141.2588,K-NET11B,,
AOM009,Zƒ–,ROKKASHO,40.9665,141.3733,10.0,NA,ΒX§,AOMORIKEN,40.9638,141.3769,K-NET02,,
AOM010,–μ•Σ’n,NOHEJI,40.8721,141.1416,15.0,NA,ΒX§,AOMORIKEN,40.8694,141.1452,K-NET02,,
AOM011,O‘ς,MISAWA,40.6803,141.3669,41.0,NA,ΒX§,AOMORIKEN,40.6776,141.3705,K-NET02,,
AOM012,”Λ,HACHINOHE,40.5138,141.4805,15.0,NA,ΒX§,AOMORIKEN,40.5111,141.4841,K-NET02,,
AOM013,“μ•”,NAMBU,40.4124,141.2800,30.0,NA,ΒX§,AOMORIKEN,40.4097,141.2836,K-NET02,,
AOM014,qƒmϋ,NENOKUCHI,40.4371,140.9406,425.0,NA,ΒX§,AOMORIKEN,40.4344,140.9441,K-NET11B,,
AOM015,’τƒ–Φ,IKARIGASEKI,40.4738,140.6306,144.0,NA,ΒX§,AOMORIKEN,40.4711,140.6341,K-NET11B,,
AOM016,O‘O,HIROSAKI,40.6018,140.4990,28.0,NA,ΒX§,AOMORIKEN,40.5991,140.5025,K-NET11B,,
AOM017,[‰Y,FUKAURA,40.6363,139.9284,42.0,NA,ΒX§,AOMORIKEN,40.6336,139.9319,K-NET02,,
AOM018,±ƒ–‘ς,AJIGASAWA,40.7782,140.1976,30.0,NA,ΒX§,AOMORIKEN,40.7755,140.2011,K-NET11B,,
AOM019,άμ΄,GOSHOGAWARA,40.8152,140.4473,8.0,NA,ΒX§,AOMORIKEN,40.8125,140.4508,K-NET11B,,
AOM020,ΒX,AOMORI,40.8193,140.7501,4.0,NA,ΒX§,AOMORIKEN,40.8166,140.7536,K-NET11B,,
AOM021,\a“c,TOWADA,40.6152,141.2080,68.0,NA,ΒX§,AOMORIKEN,40.6125,141.2116,K-NET11B,,
AOM022,““c‘ς,HIGASHITAZAWA,40.9924,140.9155,3.0,NA,ΒX§,AOMORIKEN,40.9897,140.9191,K-NET02,,
AOM023,’†—Ά,NAKASATO,40.9676,140.4326,15.0,NA,ΒX§,AOMORIKEN,40.9650,140.4361,K-NET02,,
AOM024,I“c,KANITA,41.0473,140.6398,6.0,NA,ΒX§,AOMORIKEN,41.0447,140.6433,K-NET02,,
AOM025,΅•Κ,IMABETSU,41.1795,140.4801,8.0,NA,ΒX§,AOMORIKEN,41.1769,140.4836,K-NET02,,
AOM026,¬”‘,KODOMARI,41.1281,140.3106,12.0,NA,ΒX§,AOMORIKEN,41.1255,140.3141,K-NET02,,
AOM027,e–μ‘ς,WAKINOSAWA,41.1453,140.8219,15.0,NA,ΒX§,AOMORIKEN,41.1427,140.8255,K-NET11B,,
AOM028,”b“c,HAKKODA,40.7002,140.9190,570.0,NA,ΒX§,AOMORIKEN,40.6975,140.9225,K-NET11B,,
AOM029,Ό–Ϊ‰®,NISHIMEYA,40.5758,140.2965,120.0,NA,ΒX§,AOMORIKEN,40.5731,140.3000,K-NET11B,,
CHB001,–μ“c,NODA,35.9595,139.8733,13.2,NA,η—t§,CHIBAKEN,35.9563,139.8766,K-NET11A,,
CHB002,ΌΛ,MATSUDO,35.7868,139.9031,13.5,NA,η—t§,CHIBAKEN,35.7836,139.9063,K-NET11A,,
CHB003,”’δ,SHIROI,35.7943,140.0564,27.6,NA,η—t§,CHIBAKEN,35.7911,140.0597,K-NET11A,,
CHB004,²΄,SAWARA,35.9007,140.4905,13.9,NA,η—t§,CHIBAKEN,35.8975,140.4938,K-NET11A,,
CHB005,’¶q,CHOSHI,35.7358,140.8300,1.7,NA,η—t§,CHIBAKEN,35.7325,140.8333,K-NET11A,,
CHB006,¬“c,NARITA,35.7801,140.3067,27.2,NA,η—t§,CHIBAKEN,35.7769,140.3100,K-NET11A,,
CHB007,²‘q,SAKURA,35.7234,140.2267,24.5,NA,η—t§,CHIBAKEN,35.7202,140.2300,K-NET11A,,
CHB008,‰Yΐ,URAYASU,35.6537,139.9023,4.5,NA,η—t§,CHIBAKEN,35.6505,139.9055,K-NET11A,,
CHB009,η—t,CHIBA,35.6082,140.1022,3.6,NA,η—t§,CHIBAKEN,35.6050,140.1055,K-NET11A,,
CHB010,”“ϊsκ,YOKAICHIBA,35.7077,140.5680,8.1,NA,η—t§,CHIBAKEN,35.7044,140.5713,K-NET11A,,
CHB011,@ΐ,HASUNUMA,35.5877,140.4971,1,NA,η—t§,CHIBAKEN,35.5844,140.5004,K-NET11A,,
CHB012,“‹ΰ,TOGANE,35.5727,140.3333,62.5,NA,η—t§,CHIBAKEN,35.5694,140.3366,K-NET11A,,
CHB013,–Ξ΄,MOBARA,35.4327,140.2905,13.3,NA,η—t§,CHIBAKEN,35.4294,140.2938,K-NET11A,,
CHB014,oθ,ANEZAKI,35.4769,140.0489,6.6,NA,η—t§,CHIBAKEN,35.4736,140.0522,K-NET11A,,
CHB015,–ΨX’Γ,KISARAZU,35.3738,139.9159,2.2,NA,η—t§,CHIBAKEN,35.3705,139.9191,K-NET11A,,
CHB016,–¦,MISAKI,35.2999,140.3867,8.1,NA,η—t§,CHIBAKEN,35.2966,140.3900,K-NET11A,,
CHB017,sκ,ICHIBA,35.2988,140.0755,31.4,NA,η—t§,CHIBAKEN,35.2955,140.0788,K-NET11A,,
CHB018,‰Y,KATSUURA,35.1577,140.3222,56.5,NA,η—t§,CHIBAKEN,35.1544,140.3255,K-NET11A,,
CHB019,‹“μ,KYONAN,35.1105,139.8351,3.8,NA,η—t§,CHIBAKEN,35.1072,139.8383,K-NET11A,,
CHB020,›μ,KAMOGAWA,35.1155,140.1022,13.4,NA,η—t§,CHIBAKEN,35.1122,140.1055,K-NET11A,,
CHB021,”’•l,SHIRAHAMA,34.9083,139.8979,5.5,NA,η—t§,CHIBAKEN,34.9050,139.9011,K-NET11A,,
CHB022,•x’Γ,FUTTSU,35.3083,139.8598,6.6,NA,η—t§,CHIBAKEN,35.3050,139.8630,K-NET11A,,
CHB023,ΩR,TATEYAMA,34.9741,139.8449,30.0,NA,η—t§,CHIBAKEN,34.9708,139.8481,---,‹x~,suspension
CHB024,ξ–Ρ,INAGE,35.6335,140.0784,3.4,NA,η—t§,CHIBAKEN,35.6303,140.0817,K-NET11A,,
CHB025,η‘q,CHIKURA,34.9707,139.9459,NA,NA,η—t§,CHIBAKEN,34.9674,139.9491,K-NET11A,,
CHB026,’·“μ,CHONAN,35.3872,140.2370,NA,NA,η—t§,CHIBAKEN,35.3839,140.2403,K-NET11A,,
CHB027,‰Y–k,KATSUURA-N,35.1810,140.2655,NA,NA,η—t§,CHIBAKEN,35.1777,140.2688,K-NET11A,,
CHB028,sμ–k,ICHIKAWA-N,35.7660,139.9665,NA,NA,η—t§,CHIBAKEN,35.7628,139.9697,K-NET11A,,
CHB029,s“Ώ,GYOTOKU,35.6947,139.9176,NA,NA,η—t§,CHIBAKEN,35.6915,139.9208,K-NET11A,,
CHB030,–ΨX’Γs–π,KISARADU-SHIYAKUSYO,35.3766,139.9151,NA,NA,η—t§,CHIBAKEN,35.3733,139.9183,---,‹x~,suspension
EHM001,Ι—\O“‡,IYOMISHIMA,33.9788,133.5494,24,NA,¤•Q§,EHIMEKEN,33.9755,133.5520,K-NET11A,,
EHM002,V‹•l,NIIHAMA,33.9216,133.3074,18.9,NA,¤•Q§,EHIMEKEN,33.9183,133.3100,K-NET11A,,
EHM003,“—\,TOYO,33.9266,133.0843,4.4,NA,¤•Q§,EHIMEKEN,33.9233,133.0869,K-NET11A,,
EHM004,΅΅,IMABARI,34.0624,132.9982,3.3,NA,¤•Q§,EHIMEKEN,34.0591,133.0008,K-NET11A,,
EHM005,μ“ΰ,KAWAUCHI,33.7974,132.9141,136.2,NA,¤•Q§,EHIMEKEN,33.7941,132.9166,K-NET11A,,
EHM006,”όμ,MIKAWA,33.6410,133.0082,552.0,NA,¤•Q§,EHIMEKEN,33.6377,133.0108,K-NET11A,,
EHM007,–kπ,HOJO,33.9621,132.7722,1.4,NA,¤•Q§,EHIMEKEN,33.9588,132.7747,K-NET11A,,
EHM008,ΌR,MATSUYAMA,33.8198,132.7282,7.0,NA,¤•Q§,EHIMEKEN,33.8165,132.7307,K-NET11A,,
EHM009,L“c,HIROTA,33.6324,132.7963,250.5,NA,¤•Q§,EHIMEKEN,33.6291,132.7988,K-NET11A,,
EHM010,nμ,HIJIKAWA,33.4512,132.6882,190.0,NA,¤•Q§,EHIMEKEN,33.4478,132.6907,K-NET11A,,
EHM011,””¦•l,YAWATAHAMA,33.4496,132.4336,9.5,NA,¤•Q§,EHIMEKEN,33.4463,132.4361,K-NET11A,,
EHM012,‰Fa“‡,UWAJIMA,33.2217,132.5727,37.3,NA,¤•Q§,EHIMEKEN,33.2183,132.5752,K-NET11A,,
EHM013,Oθ,MISAKI,33.3924,132.1141,18.5,NA,¤•Q§,EHIMEKEN,33.3891,132.1166,K-NET11A,,
EHM014,ΌC,NISHIUMI,32.9453,132.5047,1.2,NA,¤•Q§,EHIMEKEN,32.9419,132.5072,K-NET11A,,
EHM015,’·•l,NAGAHAMA,33.6094,132.4768,4.0,NA,¤•Q§,EHIMEKEN,33.6061,132.4793,K-NET11A,,
EHM016,Ι—\,IYO,33.7654,132.7089,3.0,NA,¤•Q§,EHIMEKEN,33.7621,132.7114,K-NET11A,,
FKI001,O‘,MIKUNI,36.2184,136.1570,5.0,NA,•δ§,FUKUIKEN,36.2153,136.1599,K-NET11A,,
FKI002,‰z”U,KOSHINO,36.0386,136.0137,21.0,NA,•δ§,FUKUIKEN,36.0355,136.0166,K-NET11A,,
FKI003,•δ,FUKUI,36.0444,136.2279,9.2,NA,•δ§,FUKUIKEN,36.0413,136.2308,K-NET11A,,
FKI004,‘ε–μ,OHNO,35.9789,136.4865,175.0,NA,•δ§,FUKUIKEN,35.9758,136.4894,K-NET11A,,
FKI005,•¶,TAKEFU,35.9067,136.1743,32.0,NA,•δ§,FUKUIKEN,35.9036,136.1772,K-NET11A,,
FKI006,΅―,IMAJO,35.7731,136.1998,127.4,NA,•δ§,FUKUIKEN,35.7700,136.2027,K-NET11A,,
FKI007,“Φ‰κ,TSURUGA,35.6447,136.0575,12.0,NA,•δ§,FUKUIKEN,35.6415,136.0604,K-NET11A,,
FKI008,O•ϋ,MIKATA,35.5479,135.9084,12.7,NA,•δ§,FUKUIKEN,35.5447,135.9113,K-NET11A,,
FKI009,¬•l,OBAMA,35.4965,135.7519,3.0,NA,•δ§,FUKUIKEN,35.4933,135.7547,K-NET11A,,
FKI010,‚•l,TAKAHAMA,35.4904,135.5510,1.8,NA,•δ§,FUKUIKEN,35.4872,135.5538,K-NET11A,,
FKI011,aς,IZUMI,35.9097,136.6682,436,NA,•δ§,FUKUIKEN,35.9066,136.6712,K-NET11A,,
FKO001,ΊC,GENKAI,33.8425,130.5086,24.0,NA,•‰§,FUKUOKAKEN,33.8392,130.5109,K-NET02,,
FKO002,’†Τ,NAKAMA,33.8263,130.7053,2.5,NA,•‰§,FUKUOKAKEN,33.8230,130.7077,K-NET02,,
FKO003,–k‹γB,KITAKYUSHU,33.8324,130.9014,16.0,NA,•‰§,FUKUOKAKEN,33.8291,130.9038,K-NET02,,
FKO004,s‹΄,YUKUHASHI,33.7388,131.0095,3.5,NA,•‰§,FUKUOKAKEN,33.7355,131.0119,K-NET02,,
FKO005,”Ρ’Λ,IIZUKA,33.6519,130.6962,27.5,NA,•‰§,FUKUOKAKEN,33.6486,130.6986,K-NET02,,
FKO006,•‰,FUKUOKA,33.5969,130.3985,2.6,NA,•‰§,FUKUOKAKEN,33.5936,130.4008,K-NET02,,
FKO007,‘O΄,MAEBARU,33.5610,130.2024,4.1,NA,•‰§,FUKUOKAKEN,33.5577,130.2047,K-NET02,,
FKO008,“Y“c,SOEDA,33.5716,130.8539,90.7,NA,•‰§,FUKUOKAKEN,33.5683,130.8563,K-NET02,,
FKO009,’}‡–μ,CHIKUSHINO,33.4952,130.5163,33.9,NA,•‰§,FUKUOKAKEN,33.4919,130.5186,K-NET02,,
FKO010,Γ–Ψ,AMAGI,33.4235,130.6689,59.9,NA,•‰§,FUKUOKAKEN,33.4202,130.6713,K-NET02,,
FKO011,‹v—―•Δ,KURUME,33.3235,130.5115,8.1,NA,•‰§,FUKUOKAKEN,33.3202,130.5138,K-NET02,,
FKO012,•‚‰H,UKIHA,33.3319,130.7939,49.5,NA,•‰§,FUKUOKAKEN,33.3286,130.7963,K-NET02,,
FKO013,”—,YAME,33.2252,130.5607,31.8,NA,•‰§,FUKUOKAKEN,33.2219,130.5630,K-NET02,,
FKO014,–ξ•”,YABE,33.1491,130.8182,330.0,NA,•‰§,FUKUOKAKEN,33.1458,130.8205,K-NET02,,
FKO015,–φμ,YANAGAWA,33.1627,130.4052,3.4,NA,•‰§,FUKUOKAKEN,33.1594,130.4075,K-NET02,,
FKO016,‘ε–΄“c,OHMUTA,33.0159,130.4471,23.5,NA,•‰§,FUKUOKAKEN,33.0125,130.4494,K-NET11B,,
FKS001,‘”n,SOMA,37.7949,140.9196,9.0,NA,•“‡§,FUKUSHIMAKEN,37.7919,140.9230,K-NET11A,,
FKS002,—ΐμ,YANAGAWA,37.8449,140.6013,42.0,NA,•“‡§,FUKUSHIMAKEN,37.8419,140.6047,K-NET11A,,
FKS003,•“‡,FUKUSHIMA,37.7613,140.4799,64.0,NA,•“‡§,FUKUSHIMAKEN,37.7583,140.4833,K-NET11A,,
FKS004,”ΡΪ,IITATE,37.6799,140.7346,488.0,NA,•“‡§,FUKUSHIMAKEN,37.6769,140.7380,K-NET02,,
FKS005,΄’¬,HARAMACHI,37.6385,140.9849,16.0,NA,•“‡§,FUKUSHIMAKEN,37.6355,140.9883,K-NET11A,,
FKS006,‹”φ,KATSURAO,37.5031,140.7588,472.0,NA,•“‡§,FUKUSHIMAKEN,37.5000,140.7622,K-NET11A,,
FKS007,‘εF,OHKUMA,37.4061,140.9632,70.0,NA,•“‡§,FUKUSHIMAKEN,37.4030,140.9666,K-NET02,,
FKS008,‘Dψ,FUNEHIKI,37.4363,140.5668,430.0,NA,•“‡§,FUKUSHIMAKEN,37.4333,140.5702,K-NET11A,,
FKS009,¬–μ,ONO,37.2778,140.6349,440.0,NA,•“‡§,FUKUSHIMAKEN,37.2747,140.6383,K-NET11A,,
FKS010,L–μ,HIRONO,37.2342,141.0016,50.0,NA,•“‡§,FUKUSHIMAKEN,37.2311,141.0050,K-NET11A,,
FKS011,‚Ά‚ν‚«,IWAKI,37.0911,140.9035,165.1,NA,•“‡§,FUKUSHIMAKEN,37.0880,140.9069,K-NET11A,,
FKS012,–ά—,NAKOSO,36.9069,140.7929,2.5,NA,•“‡§,FUKUSHIMAKEN,36.9038,140.7963,K-NET11A,,
FKS013,Γ“a,FURUDONO,37.0900,140.5563,320.0,NA,•“‡§,FUKUSHIMAKEN,37.0869,140.5597,K-NET11A,,
FKS014,–ξΥ,YAMATSURI,36.8864,140.4166,163,NA,•“‡§,FUKUSHIMAKEN,36.8833,140.4199,K-NET11A,,
FKS015,’I‘q,TANAGURA,37.0217,140.3775,315.0,NA,•“‡§,FUKUSHIMAKEN,37.0186,140.3808,K-NET11A,,
FKS016,”’‰Ν,SHIRAKAWA,37.1228,140.1914,375.0,NA,•“‡§,FUKUSHIMAKEN,37.1197,140.1947,K-NET11A,,
FKS017,{‰κμ,SUKAGAWA,37.2842,140.3689,263.0,NA,•“‡§,FUKUSHIMAKEN,37.2811,140.3722,K-NET11A,,
FKS018,SR,KORIYAMA,37.3961,140.3622,245.0,NA,•“‡§,FUKUSHIMAKEN,37.3930,140.3655,K-NET11A,,
FKS019,“ρ–{Ό,NIHOMMATSU,37.6030,140.4368,235.0,NA,•“‡§,FUKUSHIMAKEN,37.6000,140.4402,K-NET11A,,
FKS020,’–•c‘γ,INAWASHIRO,37.5474,140.1078,516.0,NA,•“‡§,FUKUSHIMAKEN,37.5444,140.1111,K-NET11A,,
FKS021,μ‘½•ϋ,KITAKATA,37.6535,139.8633,210.0,NA,•“‡§,FUKUSHIMAKEN,37.6505,139.8666,K-NET11A,,
FKS022,Ό‰ο’Γ,NISHIAIZU,37.6002,139.6467,159.0,NA,•“‡§,FUKUSHIMAKEN,37.5972,139.6500,K-NET11A,,
FKS023,‰ο’ΓαΌ,AIZUWAKAMATSU,37.4774,139.9294,219.0,NA,•“‡§,FUKUSHIMAKEN,37.4744,139.9327,K-NET11A,,
FKS024,’†–μ,NAKANO,37.3957,140.1325,527.0,NA,•“‡§,FUKUSHIMAKEN,37.3927,140.1358,K-NET11A,,
FKS025,‰Ί‹½,SHIMOGO,37.3077,139.9000,415.0,NA,•“‡§,FUKUSHIMAKEN,37.3047,139.9033,K-NET11A,,
FKS026,“μ‹½,NANGO,37.2660,139.5386,492.0,NA,•“‡§,FUKUSHIMAKEN,37.2630,139.5419,K-NET11A,,
FKS027,‘κ΄,TAKINOHARA,37.0700,139.6808,830.0,NA,•“‡§,FUKUSHIMAKEN,37.0669,139.6841,K-NET11A,,
FKS028,‘ό©,TADAMI,37.3037,139.3618,415,NA,•“‡§,FUKUSHIMAKEN,37.3007,139.3650,K-NET11A,,
FKS029,•O}ς,HINOEMATA,37.0159,139.3801,956.6,NA,•“‡§,FUKUSHIMAKEN,37.0128,139.3834,K-NET11A,,
FKS030,‹ΰR,KANEYAMA,37.4530,139.5133,360.0,NA,•“‡§,FUKUSHIMAKEN,37.4500,139.5166,K-NET11A,,
FKS031,μ“ΰ,KAWAUCHI,37.3364,140.8132,399.0,NA,•“‡§,FUKUSHIMAKEN,37.3333,140.8166,K-NET11A,,
GIF001,”’μ,SHIRAKAWA,36.2742,136.8978,477.9,NA,ς•§,GIFUKEN,36.2711,136.9008,K-NET11A,,
GIF002,‰Ν‡,KAWAI,36.2734,137.0253,570.0,NA,ς•§,GIFUKEN,36.2703,137.0283,K-NET11A,,
GIF003,_‰,KAMIOKA,36.3322,137.3014,405.0,NA,ς•§,GIFUKEN,36.3291,137.3044,K-NET11A,,
GIF004,“Θ”φ,TOCHIO,36.2492,137.5174,810.0,NA,ς•§,GIFUKEN,36.2461,137.5205,K-NET11A,,
GIF005,‚R,TAKAYAMA,36.1536,137.2514,562.0,NA,ς•§,GIFUKEN,36.1505,137.2544,K-NET11A,,
GIF006,‘‘μ,SHOKAWA,36.0333,136.9528,792.0,NA,ς•§,GIFUKEN,36.0302,136.9558,K-NET11A,,
GIF007,‚,TAKANE,36.0378,137.4861,995.0,NA,ς•§,GIFUKEN,36.0347,137.4891,K-NET11A,,
GIF008,¬β,OSAKA,35.9515,137.2600,522.0,NA,ς•§,GIFUKEN,35.9483,137.2630,K-NET11A,,
GIF009,”’’Ή,SHIROTORI,35.9219,136.8311,450.0,NA,ς•§,GIFUKEN,35.9188,136.8341,K-NET11A,,
GIF010,‰ΊC,GERO,35.8029,137.2450,362.0,NA,ς•§,GIFUKEN,35.7997,137.2480,K-NET11A,,
GIF011,””¦,HACHIMAN,35.7593,136.9808,245.0,NA,ς•§,GIFUKEN,35.7561,136.9838,K-NET11A,,
GIF012,“™΄,HIGASHISUGIHARA,35.6365,136.4882,221.0,NA,ς•§,GIFUKEN,35.6333,136.4911,K-NET11A,,
GIF013,‹ΰR,KANAYAMA,35.6637,137.1617,230.0,NA,ς•§,GIFUKEN,35.6605,137.1647,K-NET11A,,
GIF014,•t’m,TSUKECHI,35.6576,137.4258,463.0,NA,ς•§,GIFUKEN,35.6544,137.4288,K-NET11A,,
GIF015,”ό”Z,MINO,35.5454,136.9072,96.0,NA,ς•§,GIFUKEN,35.5422,136.9102,K-NET11A,,
GIF016,µ@,HICHISO,35.5424,137.1191,145.0,NA,ς•§,GIFUKEN,35.5392,137.1221,K-NET11A,,
GIF017,—K”γμ,IBIGAWA,35.4829,136.5714,42.0,NA,ς•§,GIFUKEN,35.4797,136.5743,K-NET11A,,
GIF018,’†’Γμ,NAKATSUGAWA,35.4887,137.5000,320.0,NA,ς•§,GIFUKEN,35.4855,137.5030,K-NET11A,,
GIF019,b“ί,ENA,35.4495,137.4039,275.0,NA,ς•§,GIFUKEN,35.4463,137.4069,K-NET11A,,
GIF020,ς•,GIFU,35.4248,136.7568,13.0,NA,ς•§,GIFUKEN,35.4216,136.7598,K-NET11A,,
GIF021,”ό”Z‰Α–Ξ,MINOKAMO,35.4426,137.0000,72.0,NA,ς•§,GIFUKEN,35.4394,137.0030,K-NET11A,,
GIF022,γΞ’Γ,KAMIISHIZU,35.2834,136.4715,115.0,NA,ς•§,GIFUKEN,35.2802,136.4744,K-NET11A,,
GIF023,“yς,TOKI,35.3882,137.2158,275.0,NA,ς•§,GIFUKEN,35.3850,137.2188,K-NET11A,,
GIF024,–Ύ’q,AKECHI,35.3009,137.3870,432.0,NA,ς•§,GIFUKEN,35.2977,137.3900,K-NET11A,,
GIF025,”Βζ,ITADORI,35.7234,136.7847,351.0,NA,ς•§,GIFUKEN,35.7202,136.7877,---,‹x~,suspension
GIF026,”όR,MIYAMA,35.5912,136.7414,145.0,NA,ς•§,GIFUKEN,35.5880,136.7444,K-NET11A,,
GNM001,•Π•i,KATASHINA,36.7722,139.2248,809.5,NA,Q”n§,GUNMAKEN,36.7691,139.2280,K-NET11A,,
GNM002,…γ,MINAKAMI,36.7819,138.9695,493.8,NA,Q”n§,GUNMAKEN,36.7788,138.9727,K-NET11A,,
GNM003,ΐ“c,NUMATA,36.6578,139.0784,462.2,NA,Q”n§,GUNMAKEN,36.6547,139.0816,K-NET11A,,
GNM004,‘’Γ,KUSATSU,36.6172,138.5918,1221.6,NA,Q”n§,GUNMAKEN,36.6141,138.5950,K-NET11A,,
GNM005,’Ϊ—φ,TSUMAGOI,36.5133,138.5177,899.8,NA,Q”n§,GUNMAKEN,36.5102,138.5208,K-NET11A,,
GNM006,αΘ,AGATSUMA,36.5103,138.7523,548.7,NA,Q”n§,GUNMAKEN,36.5072,138.7555,K-NET11A,,
GNM007,aμ,SHIBUKAWA,36.4637,139.0092,198.4,NA,Q”n§,GUNMAKEN,36.4606,139.0124,K-NET11A,,
GNM008,‘O‹΄,MAEBASHI,36.3478,139.1368,76.6,NA,Q”n§,GUNMAKEN,36.3447,139.1400,K-NET11A,,
GNM009,‹Λ¶,KIRYU,36.4106,139.3251,114.2,NA,Q”n§,GUNMAKEN,36.4075,139.3283,K-NET11A,,
GNM010,Ω—Ρ,TATEBAYASHI,36.2343,139.5331,21.9,NA,Q”n§,GUNMAKEN,36.2311,139.5363,K-NET11A,,
GNM011,‘Ύ“c,OHTA,36.2914,139.3609,41.8,NA,Q”n§,GUNMAKEN,36.2883,139.3641,K-NET11A,,
GNM012,Ι¨θ,ISESAKI,36.3147,139.1924,58.0,NA,Q”n§,GUNMAKEN,36.3116,139.1956,K-NET11A,,
GNM013,‚θ,TAKASAKI,36.3181,139.0176,93.2,NA,Q”n§,GUNMAKEN,36.3150,139.0208,K-NET11A,,
GNM014,β–{,SAKAMOTO,36.3467,138.7211,451,NA,Q”n§,GUNMAKEN,36.3436,138.7243,K-NET11A,,
GNM015,‰Ίm“c,SHIMONITA,36.2287,138.7579,296.0,NA,Q”n§,GUNMAKEN,36.2255,138.7611,K-NET11A,,
GNM016,–κ,MAMBA,36.1162,138.9251,344.0,NA,Q”n§,GUNMAKEN,36.1130,138.9283,K-NET11A,,
HKD001,’t“ΰ,WAKKANAI,45.4163,141.6720,4.0,NA,–kC“Ή @’Jx’΅,HOKKAIDO SOHYA,45.4141,141.6758,K-NET02,,
HKD002,@’J–¦,SOYAMISAKI,45.5132,141.9548,3.0,NA,–kC“Ή @’Jx’΅,HOKKAIDO SOHYA,45.5110,141.9587,K-NET02,,
HKD003,–L•x,TOYOTOMI,45.1030,141.7667,10.5,NA,–kC“Ή @’Jx’΅,HOKKAIDO SOHYA,45.1008,141.7705,K-NET02,,
HKD004,γ‰•¥,KAMISARUFUTSU,45.2141,142.2255,7.0,NA,–kC“Ή @’Jx’΅,HOKKAIDO SOHYA,45.2119,142.2294,K-NET02,,
HKD005,‰•¥,SARUFUTSU,45.3328,142.1748,14,NA,–kC“Ή @’Jx’΅,HOKKAIDO SOHYA,45.3306,142.1787,K-NET02,,
HKD006,•l“Ϊ•Κ,HAMATOMBETSU,45.1266,142.3519,12.2,NA,–kC“Ή @’Jx’΅,HOKKAIDO SOHYA,45.1244,142.3558,K-NET02,,
HKD007,’†“Ϊ•Κ,NAKATOMBETSU,44.9698,142.2908,22.0,NA,–kC“Ή @’Jx’΅,HOKKAIDO SOHYA,44.9675,142.2947,K-NET02,,
HKD008,}K,ESASHI,44.9375,142.5744,13.3,NA,–kC“Ή @’Jx’΅,HOKKAIDO SOHYA,44.9352,142.5783,K-NET02,,
HKD009,‰Μ“o,UTANOBORI,44.8417,142.4811,23.0,NA,–kC“Ή @’Jx’΅,HOKKAIDO SOHYA,44.8394,142.4850,K-NET02,,
HKD010,•——σ•z,FUREPPU,44.7406,142.7633,16.0,NA,–kC“Ή @’Jx’΅,HOKKAIDO SOHYA,44.7383,142.7672,K-NET02,,
HKD011,“—K,HIGASHIRISHIRI,45.2460,141.2170,23.0,NA,–kC“Ή @’Jx’΅,HOKKAIDO SOHYA,45.2438,141.2208,K-NET02,,
HKD012,‘D”‘,FUNADOMARI,45.4408,141.0367,11.5,NA,–kC“Ή @’Jx’΅,HOKKAIDO SOHYA,45.4386,141.0405,K-NET02,,
HKD013,—η•¶,REBUN,45.3049,141.0475,42.4,NA,–kC“Ή @’Jx’΅,HOKKAIDO SOHYA,45.3027,141.0513,K-NET02,,
HKD014,ΐμ,NUMAKAWA,45.2525,141.8531,30.0,NA,–kC“Ή @’Jx’΅,HOKKAIDO SOHYA,45.2503,141.8570,K-NET02,,
HKD015,“V‰–,TESHIO,44.8845,141.7500,5.5,NA,–kC“Ή —―–Gx’΅,HOKKAIDO RUMOI,44.8822,141.7538,K-NET02,,
HKD016,‰“•Κ,EMBETSU,44.7195,141.8284,9.0,NA,–kC“Ή —―–Gx’΅,HOKKAIDO RUMOI,44.7172,141.8322,K-NET02,,
HKD017,‰R•Κ,SHOSAMBETSU,44.5323,141.7664,5.3,NA,–kC“Ή —―–Gx’΅,HOKKAIDO RUMOI,44.5300,141.7702,K-NET02,,
HKD018,³C,SEISHU,44.5453,141.9653,126.0,NA,–kC“Ή —―–Gx’΅,HOKKAIDO RUMOI,44.5430,141.9691,K-NET02,,
HKD019,‰H–y,HABORO,44.3611,141.6978,15.0,NA,–kC“Ή —―–Gx’΅,HOKKAIDO RUMOI,44.3588,141.7016,K-NET02,,
HKD020,`’¬,MINATOMACHI,44.1486,141.6642,50.0,NA,–kC“Ή —―–Gx’΅,HOKKAIDO RUMOI,44.1463,141.6680,K-NET02,,
HKD021,—―–G,RUMOI,43.9407,141.6370,24.8,NA,–kC“Ή —―–Gx’΅,HOKKAIDO RUMOI,43.9383,141.6408,K-NET02,,
HKD022,‘–Ρ,MASHIKE,43.8515,141.5275,45.0,NA,–kC“Ή —―–Gx’΅,HOKKAIDO RUMOI,43.8491,141.5313,K-NET02,,
HKD023,—Y“~,OFUYU,43.7735,141.3685,26.2,NA,–kC“Ή —―–Gx’΅,HOKKAIDO RUMOI,43.7711,141.3722,K-NET02,,
HKD024,’B•z,TAPPU,44.0489,141.8573,36.6,NA,–kC“Ή —―–Gx’΅,HOKKAIDO RUMOI,44.0466,141.8611,K-NET02,,
HKD025,’†μ,NAKAGAWA,44.8116,142.0717,20.0,NA,–kC“Ή γμx’΅,HOKKAIDO KAWAKAMI,44.8093,142.0755,K-NET02,,
HKD026,‰ΉΠq•{,OTOINEPPU,44.7284,142.2636,43.0,NA,–kC“Ή γμx’΅,HOKKAIDO KAWAKAMI,44.7261,142.2675,K-NET02,,
HKD027,”ό[,BIFUKA,44.4806,142.3427,73.5,NA,–kC“Ή γμx’΅,HOKKAIDO KAWAKAMI,44.4783,142.3466,K-NET02,,
HKD028,–Όρ,NAYORO,44.3598,142.4547,96.0,NA,–kC“Ή γμx’΅,HOKKAIDO KAWAKAMI,44.3575,142.4586,K-NET02,,
HKD029,‰Ίμ,SHIMOKAWA,44.3111,142.6419,158.0,NA,–kC“Ή γμx’΅,HOKKAIDO KAWAKAMI,44.3088,142.6458,K-NET02,,
HKD030,m•Κ,SHIBETSU,44.1821,142.3942,130.5,NA,–kC“Ή γμx’΅,HOKKAIDO KAWAKAMI,44.1797,142.3980,K-NET02,,
HKD031,’©“ϊ,ASAHI,44.1185,142.5952,214.1,NA,–kC“Ή γμx’΅,HOKKAIDO KAWAKAMI,44.1161,142.5991,K-NET02,,
HKD032,a¦,WASSAMU,44.0235,142.4123,136.4,NA,–kC“Ή γμx’΅,HOKKAIDO KAWAKAMI,44.0211,142.4161,K-NET02,,
HKD033,¤•Κ,AIBETSU,43.9090,142.5695,203.6,NA,–kC“Ή γμx’΅,HOKKAIDO KAWAKAMI,43.9066,142.5733,K-NET02,,
HKD034,γμ,KAMIKAWA,43.8543,142.7686,350.0,NA,–kC“Ή γμx’΅,HOKKAIDO KAWAKAMI,43.8519,142.7725,K-NET02,,
HKD035,‘w‰_‹¬,SOUNKYO,43.7704,142.9033,491.0,NA,–kC“Ή γμx’΅,HOKKAIDO KAWAKAMI,43.7680,142.9072,K-NET02,,
HKD036,®μ,ASAHIKAWA,43.7726,142.3648,108.0,NA,–kC“Ή γμx’΅,HOKKAIDO KAWAKAMI,43.7702,142.3686,K-NET02,,
HKD037,”ό‰l,BIEI,43.5885,142.4675,242.0,NA,–kC“Ή γμx’΅,HOKKAIDO KAWAKAMI,43.5861,142.4713,K-NET02,,
HKD038,“μ•x—Η–μ,MINAMIFURANO,43.1666,142.5662,353.0,NA,–kC“Ή γμx’΅,HOKKAIDO KAWAKAMI,43.1641,142.5700,K-NET02,,
HKD039,•x—Η–μ,FURANO,43.3421,142.3845,170.0,NA,–kC“Ή γμx’΅,HOKKAIDO KAWAKAMI,43.3397,142.3883,K-NET02,,
HKD040,θ¥,SHIMUKAPPU,42.9805,142.3995,333.0,NA,–kC“Ή γμx’΅,HOKKAIDO KAWAKAMI,42.9780,142.4033,K-NET02,,
HKD041,“Vl‹¬,TENNINKYO,43.6249,142.6837,440.0,NA,–kC“Ή γμx’΅,HOKKAIDO KAWAKAMI,43.6225,142.6875,K-NET02,,
HKD042,m‰F•z,NIUPU,44.5450,142.5691,274.0,NA,–kC“Ή γμx’΅,HOKKAIDO KAWAKAMI,44.5427,142.5730,K-NET02,,
HKD043,—Y•,OMU,44.5820,142.9644,11.0,NA,–kC“Ή –Τ‘–x’΅,HOKKAIDO ABASHIRI,44.5797,142.9683,K-NET02,,
HKD044,‹»•”,OKOPPE,44.4796,143.1277,4.5,NA,–kC“Ή –Τ‘–x’΅,HOKKAIDO ABASHIRI,44.4772,143.1316,K-NET02,,
HKD045,Ό‹»•”,NISHIOKOPPE,44.3287,142.9447,118.0,NA,–kC“Ή –Τ‘–x’΅,HOKKAIDO ABASHIRI,44.3263,142.9486,K-NET02,,
HKD046,‘κγ,TAKINOUE,44.1915,143.0774,130.0,NA,–kC“Ή –Τ‘–x’΅,HOKKAIDO ABASHIRI,44.1891,143.0813,K-NET02,,
HKD047,–δ•Κ,MOMBETSU,44.3557,143.3538,16.0,NA,–kC“Ή –Τ‘–x’΅,HOKKAIDO ABASHIRI,44.3533,143.3577,K-NET02,,
HKD048,—N•Κ,YUBETSU,44.2199,143.6155,4.2,NA,–kC“Ή –Τ‘–x’΅,HOKKAIDO ABASHIRI,44.2175,143.6194,K-NET02,,
HKD049,‰“y,ENGARU,44.0921,143.5336,58.9,NA,–kC“Ή –Τ‘–x’΅,HOKKAIDO ABASHIRI,44.0897,143.5375,K-NET02,,
HKD050,”’‘κ,SHIRATAKI,43.8785,143.1747,386.0,NA,–kC“Ή –Τ‘–x’΅,HOKKAIDO ABASHIRI,43.8761,143.1786,K-NET02,,
HKD051,²CΤ,SAROMA,44.0185,143.7747,34.0,NA,–kC“Ή –Τ‘–x’΅,HOKKAIDO ABASHIRI,44.0161,143.7786,K-NET02,,
HKD052,νC,TOKORO,44.1204,144.0712,6.8,NA,–kC“Ή –Τ‘–x’΅,HOKKAIDO ABASHIRI,44.1180,144.0752,K-NET02,,
HKD053,—―•ΣεA,RUBESHIBE,43.7849,143.6072,208.0,NA,–kC“Ή –Τ‘–x’΅,HOKKAIDO ABASHIRI,43.7825,143.6111,K-NET02,,
HKD054,–k©,KITAMI,43.7996,143.9008,62.8,NA,–kC“Ή –Τ‘–x’΅,HOKKAIDO ABASHIRI,43.7972,143.9047,K-NET02,,
HKD055,”ό–y,BIHORO,43.8244,144.1087,23.0,NA,–kC“Ή –Τ‘–x’΅,HOKKAIDO ABASHIRI,43.8219,144.1127,K-NET02,,
HKD056,’uΛ,OKETO,43.6707,143.5780,230.0,NA,–kC“Ή –Τ‘–x’΅,HOKKAIDO ABASHIRI,43.6683,143.5819,K-NET02,,
HKD057,’Γ•Κ,TSUBETSU,43.7055,144.0272,96.0,NA,–kC“Ή –Τ‘–x’΅,HOKKAIDO ABASHIRI,43.7030,144.0311,K-NET02,,
HKD058,–Τ‘–,ABASHIRI,44.0201,144.2729,4.1,NA,–kC“Ή –Τ‘–x’΅,HOKKAIDO ABASHIRI,44.0177,144.2769,K-NET02,,
HKD059,¬΄…,KOSHIMIZU,43.8565,144.4629,31.0,NA,–kC“Ή –Τ‘–x’΅,HOKKAIDO ABASHIRI,43.8541,144.4669,K-NET02,,
HKD060,Ξ—Ά,SHARI,43.9136,144.6657,6.0,NA,–kC“Ή –Τ‘–x’΅,HOKKAIDO ABASHIRI,43.9111,144.6697,K-NET02,,
HKD061,ƒEƒgƒ,UTORO,44.0699,144.9973,64.2,NA,–kC“Ή –Τ‘–x’΅,HOKKAIDO ABASHIRI,44.0675,145.0013,K-NET02,,
HKD062,•xm©,FUJIMI,43.6746,143.3088,500.0,NA,–kC“Ή –Τ‘–x’΅,HOKKAIDO ABASHIRI,43.6722,143.3127,K-NET02,,
HKD063,‘”‘,AIDOMARI,44.1060,145.2478,4.5,NA,–kC“Ή Ίx’΅,HOKKAIDO NEMURO,44.1036,145.2519,K-NET02,,
HKD064,—…‰P,RAUSU,44.0202,145.1886,16.6,NA,–kC“Ή Ίx’΅,HOKKAIDO NEMURO,44.0177,145.1927,K-NET02,,
HKD065,O•Κ,KUMBETSU,43.7938,145.0565,10.0,NA,–kC“Ή Ίx’΅,HOKKAIDO NEMURO,43.7913,145.0605,K-NET02,,
HKD066,•W’Γ,SHIBETSU,43.6619,145.1307,2.5,NA,–kC“Ή Ίx’΅,HOKKAIDO NEMURO,43.6594,145.1347,K-NET02,,
HKD067,’†•W’Γ,NAKASHIBETSU,43.5550,144.9726,30.0,NA,–kC“Ή Ίx’΅,HOKKAIDO NEMURO,43.5525,144.9766,K-NET02,,
HKD068,γΌt•Κ,KAMINISHISHUMBETSU,43.4108,144.7704,105.0,NA,–kC“Ή Ίx’΅,HOKKAIDO NEMURO,43.4083,144.7744,K-NET02,,
HKD069,•ΚC,BETSUKAI,43.3941,145.1168,24.9,NA,–kC“Ή Ίx’΅,HOKKAIDO NEMURO,43.3916,145.1208,K-NET02,,
HKD070,–{•ΚC,HOMBETSUKAI,43.3852,145.2840,6.0,NA,–kC“Ή Ίx’΅,HOKKAIDO NEMURO,43.3827,145.2880,K-NET02,,
HKD071,ϊ°,ATTOKO,43.2326,145.2604,38.0,NA,–kC“Ή Ίx’΅,HOKKAIDO NEMURO,43.2300,145.2644,K-NET02,,
HKD072,—Ξ,OCHIISHI,43.1948,145.5209,46.0,NA,–kC“Ή Ίx’΅,HOKKAIDO NEMURO,43.1922,145.5250,K-NET02,,
HKD073,Ί,NEMURO,43.3327,145.6003,36.0,NA,–kC“Ή Ίx’΅,HOKKAIDO NEMURO,43.3302,145.6044,K-NET02,,
HKD074,”[Ή•z,NOSAPPU,43.3680,145.8026,16.2,NA,–kC“Ή Ίx’΅,HOKKAIDO NEMURO,43.3655,145.8067,K-NET02,,
HKD075,•l’†,HAMANAKA,43.0767,145.1296,11.0,NA,–kC“Ή ‹ϊHx’΅,HOKKAIDO KUSHIRO,43.0741,145.1336,K-NET02,,
HKD076,ϊέ,AKKESHI,43.0509,144.8498,1.8,NA,–kC“Ή ‹ϊHx’΅,HOKKAIDO KUSHIRO,43.0483,144.8538,K-NET02,,
HKD077,‹ϊH,KUSHIRO,42.9845,144.3824,3.0,NA,–kC“Ή ‹ϊHx’΅,HOKKAIDO KUSHIRO,42.9819,144.3863,K-NET02,,
HKD078,“„H,TORO,43.1486,144.4976,21.0,NA,–kC“Ή ‹ϊHx’΅,HOKKAIDO KUSHIRO,43.1461,144.5016,K-NET02,,
HKD079,•W’ƒ,SHIBECHA,43.3033,144.5996,32.0,NA,–kC“Ή ‹ϊHx’΅,HOKKAIDO KUSHIRO,43.3008,144.6036,K-NET02,,
HKD080,’νq‹ό,TESHIKAGA,43.5077,144.4485,140.0,NA,–kC“Ή ‹ϊHx’΅,HOKKAIDO KUSHIRO,43.5052,144.4525,K-NET02,,
HKD081,μ“’,KAWAYU,43.6427,144.3901,130.0,NA,–kC“Ή ‹ϊHx’΅,HOKKAIDO KUSHIRO,43.6402,144.3941,K-NET02,,
HKD082,Ά¦Ξ”Θ,AKANKOHAN,43.4369,144.0855,429.0,NA,–kC“Ή ‹ϊHx’΅,HOKKAIDO KUSHIRO,43.4344,144.0894,K-NET02,,
HKD083,’ί‹,TSURUI,43.2330,144.3248,37.9,NA,–kC“Ή ‹ϊHx’΅,HOKKAIDO KUSHIRO,43.2305,144.3288,K-NET02,,
HKD084,Ά¦,AKAN,43.1141,144.1230,30.0,NA,–kC“Ή ‹ϊHx’΅,HOKKAIDO KUSHIRO,43.1116,144.1269,K-NET02,,
HKD085,”’f,SHIRANUKA,42.9581,144.0697,5.0,NA,–kC“Ή ‹ϊHx’΅,HOKKAIDO KUSHIRO,42.9555,144.0736,K-NET02,,
HKD086,’Ό•Κ,CHOKUBETSU,42.8542,143.8579,9.3,NA,–kC“Ή ‹ϊHx’΅,HOKKAIDO KUSHIRO,42.8516,143.8618,K-NET02,,
HKD087,“ρ,FUTAMATA,43.1502,143.8916,170.0,NA,–kC“Ή ‹ϊHx’΅,HOKKAIDO KUSHIRO,43.1477,143.8955,K-NET02,,
HKD088,—¤•Κ,RIKUBETSU,43.4716,143.7483,215.0,NA,–kC“Ή \x’΅,HOKKAIDO TOKACHI,43.4691,143.7522,K-NET02,,
HKD089,‘«ρ,ASHORO,43.2436,143.5544,89.5,NA,–kC“Ή \x’΅,HOKKAIDO TOKACHI,43.2411,143.5583,K-NET02,,
HKD090,–{•Κ,HOMBETSU,43.1213,143.6183,65.0,NA,–kC“Ή \x’΅,HOKKAIDO TOKACHI,43.1188,143.6222,K-NET02,,
HKD091,‰Y–y,URAHORO,42.8087,143.6588,17.1,NA,–kC“Ή \x’΅,HOKKAIDO TOKACHI,42.8061,143.6627,K-NET02,,
HKD092,’r“c,IKEDA,42.9283,143.4483,17.0,NA,–kC“Ή \x’΅,HOKKAIDO TOKACHI,42.9258,143.4522,K-NET02,,
HKD093,f•½,NUKABIRA,43.3191,143.3049,364.0,NA,–kC“Ή \x’΅,HOKKAIDO TOKACHI,43.3166,143.3088,K-NET02,,
HKD094,m–y,SHIHORO,43.1694,143.2408,205.0,NA,–kC“Ή \x’΅,HOKKAIDO TOKACHI,43.1669,143.2447,K-NET02,,
HKD095,‘ΡL,OBIHIRO,42.9311,143.2137,34.8,NA,–kC“Ή \x’΅,HOKKAIDO TOKACHI,42.9286,143.2175,K-NET02,,
HKD096,’†D“ΰ,NAKASATSUNAI,42.6975,143.1356,191.6,NA,–kC“Ή \x’΅,HOKKAIDO TOKACHI,42.6950,143.1394,K-NET02,,
HKD097,¶‰Τ,SEIKA,42.6181,143.4209,33.0,NA,–kC“Ή \x’΅,HOKKAIDO TOKACHI,42.6155,143.4247,K-NET02,,
HKD098,‘εχ,TAIKI,42.4984,143.2787,83.4,NA,–kC“Ή \x’΅,HOKKAIDO TOKACHI,42.4958,143.2825,K-NET02,,
HKD099,V“Ύ,SHINTOKU,43.0736,142.8395,177.0,NA,–kC“Ή \x’΅,HOKKAIDO TOKACHI,43.0711,142.8433,K-NET02,,
HKD100,L”φ,HIROO,42.2864,143.3120,36.1,NA,–kC“Ή \x’΅,HOKKAIDO TOKACHI,42.2838,143.3158,K-NET02,,
HKD101,ƒgƒ€ƒ‰ƒEƒV,TOMURAUSHI,43.3338,142.9473,360.0,NA,–kC“Ή \x’΅,HOKKAIDO TOKACHI,43.3313,142.9511,K-NET02,,
HKD102,“ϊ‚,HIDAKA,42.8775,142.4484,283.0,NA,–kC“Ή “ϊ‚x’΅,HOKKAIDO HIDAKA,42.8750,142.4522,K-NET02,,
HKD103,–y–Ρu,HOROKESHI,42.7275,142.2973,86.0,NA,–kC“Ή “ϊ‚x’΅,HOKKAIDO HIDAKA,42.7250,142.3011,K-NET02,,
HKD104,•½ζ,BIRATORI,42.5886,142.1310,70.4,NA,–kC“Ή “ϊ‚x’΅,HOKKAIDO HIDAKA,42.5861,142.1347,K-NET02,,
HKD105,–ε•Κ,MOMBETSU,42.4825,142.0543,6.3,NA,–kC“Ή “ϊ‚x’΅,HOKKAIDO HIDAKA,42.4800,142.0580,K-NET02,,
HKD106,Γ“ΰ,SHIZUNAI,42.3414,142.3688,4.5,NA,–kC“Ή “ϊ‚x’΅,HOKKAIDO HIDAKA,42.3388,142.3725,K-NET02,,
HKD107,”_‰®,NOYA,42.4194,142.4992,45.0,NA,–kC“Ή “ϊ‚x’΅,HOKKAIDO HIDAKA,42.4169,142.5030,K-NET02,,
HKD108,OΞ,MITSUISHI,42.2528,142.5643,42.0,NA,–kC“Ή “ϊ‚x’΅,HOKKAIDO HIDAKA,42.2502,142.5680,K-NET02,,
HKD109,‰Y‰Ν,URAKAWA,42.1678,142.7673,3.9,NA,–kC“Ή “ϊ‚x’΅,HOKKAIDO HIDAKA,42.1652,142.7711,K-NET02,,
HKD110,—l—,SAMANI,42.1306,142.9353,5.0,NA,–kC“Ή “ϊ‚x’΅,HOKKAIDO HIDAKA,42.1280,142.9391,K-NET02,,
HKD111,‚¦‚θ‚ΰ,ERIMO,42.0170,143.1487,22.0,NA,–kC“Ή “ϊ‚x’΅,HOKKAIDO HIDAKA,42.0144,143.1525,K-NET02,,
HKD112,‚¦‚θ‚ΰ–¦,ERIMOMISAKI,41.9370,143.2403,15.0,NA,–kC“Ή “ϊ‚x’΅,HOKKAIDO HIDAKA,41.9344,143.2441,K-NET02,,
HKD113,–Ϊ•,MEGURO,42.1287,143.3153,15.0,NA,–kC“Ή “ϊ‚x’΅,HOKKAIDO HIDAKA,42.1261,143.3191,K-NET02,,
HKD114,ι‹f“ΰ,SHUMARINAI,44.2806,142.1612,255.0,NA,–kC“Ή ‹σ’mx’΅,HOKKAIDO SORACHI,44.2783,142.1650,K-NET02,,
HKD115,–y‰Α“ΰ,HOROKANAI,44.0071,142.1484,156.4,NA,–kC“Ή ‹σ’mx’΅,HOKKAIDO SORACHI,44.0047,142.1522,K-NET02,,
HKD116,ΐ“c,NUMATA,43.8007,141.9342,49.7,NA,–kC“Ή ‹σ’mx’΅,HOKKAIDO SORACHI,43.7983,141.9380,K-NET02,,
HKD117,[μ,FUKAGAWA,43.7243,142.0525,44.0,NA,–kC“Ή ‹σ’mx’΅,HOKKAIDO SORACHI,43.7219,142.0563,K-NET02,,
HKD118,‘κμ,TAKIKAWA,43.5524,141.9175,29.0,NA,–kC“Ή ‹σ’mx’΅,HOKKAIDO SORACHI,43.5500,141.9213,K-NET02,,
HKD119,°•Κ,ASHIBETSU,43.5199,142.1914,90.0,NA,–kC“Ή ‹σ’mx’΅,HOKKAIDO SORACHI,43.5175,142.1952,K-NET02,,
HKD120,`,TSUKIGATA,43.3443,141.6635,22.0,NA,–kC“Ή ‹σ’mx’΅,HOKKAIDO SORACHI,43.3419,141.6672,K-NET02,,
HKD121,”ό‰S,BIBAI,43.3332,141.8553,28.0,NA,–kC“Ή ‹σ’mx’΅,HOKKAIDO SORACHI,43.3308,141.8591,K-NET02,,
HKD122,β©‘ς,IWAMIZAWA,43.1968,141.7754,32.0,NA,–kC“Ή ‹σ’mx’΅,HOKKAIDO SORACHI,43.1944,141.7791,K-NET02,,
HKD123,—[’£,YUBARI,42.9933,142.0085,194.0,NA,–kC“Ή ‹σ’mx’΅,HOKKAIDO SORACHI,42.9908,142.0122,K-NET02,,
HKD124,—Rm,YUNI,42.9986,141.7904,38.0,NA,–kC“Ή ‹σ’mx’΅,HOKKAIDO SORACHI,42.9961,141.7941,K-NET02,,
HKD125,•δ•Κ,HOBETSU,42.7608,142.1346,70.0,NA,–kC“Ή ’_Ux’΅,HOKKAIDO IBURI,42.7583,142.1383,K-NET02,,
HKD126,–·μ,MUKAWA,42.5750,141.9279,7.3,NA,–kC“Ή ’_Ux’΅,HOKKAIDO IBURI,42.5725,141.9316,K-NET02,,
HKD127,’Η•,OIWAKE,42.8741,141.8204,63.0,NA,–kC“Ή ’_Ux’΅,HOKKAIDO IBURI,42.8716,141.8241,K-NET02,,
HKD128,‘—,HAYAKITA,42.7655,141.8221,32.7,NA,–kC“Ή ’_Ux’΅,HOKKAIDO IBURI,42.7630,141.8258,K-NET02,,
HKD129,“Ο¬–q,TOMAKOMAI,42.6344,141.6057,5.6,NA,–kC“Ή ’_Ux’΅,HOKKAIDO IBURI,42.6319,141.6094,K-NET02,,
HKD130,”’V,SHIRAOI,42.5627,141.3499,12.5,NA,–kC“Ή ’_Ux’΅,HOKKAIDO IBURI,42.5602,141.3536,K-NET02,,
HKD131,“o•Κ,NOBORIBETSU,42.4211,141.0814,12.5,NA,–kC“Ή ’_Ux’΅,HOKKAIDO IBURI,42.4186,141.0850,K-NET02,,
HKD132,Ί—–,MURORAN,42.3483,141.0319,3.6,NA,–kC“Ή ’_Ux’΅,HOKKAIDO IBURI,42.3458,141.0355,K-NET02,,
HKD133,Ι’B,DATE,42.4727,140.8658,11.2,NA,–kC“Ή ’_Ux’΅,HOKKAIDO IBURI,42.4702,140.8694,K-NET02,,
HKD134,‘ε‘κ,OHTAKI,42.6711,141.0791,389.0,NA,–kC“Ή ’_Ux’΅,HOKKAIDO IBURI,42.6686,141.0827,K-NET02,,
HKD135,‘s•Λ,SOBETSU,42.5533,140.8866,61.0,NA,–kC“Ή ’_Ux’΅,HOKKAIDO IBURI,42.5508,140.8902,K-NET02,,
HKD136,–L‰Y,TOYOURA,42.5894,140.6436,3.9,NA,–kC“Ή ’_Ux’΅,HOKKAIDO IBURI,42.5869,140.6472,K-NET02,,
HKD137,—]•Κ,YOBETSU,43.3235,140.3791,13.5,NA,–kC“Ή γux’΅,HOKKAIDO SHIRIBESHI,43.3211,140.3827,K-NET02,,
HKD138,Ο’O,SHAKOTAN,43.2921,140.6014,18.6,NA,–kC“Ή γux’΅,HOKKAIDO SHIRIBESHI,43.2897,140.6050,K-NET02,,
HKD139,—]s,YOICHI,43.1974,140.7818,31.8,NA,–kC“Ή γux’΅,HOKKAIDO SHIRIBESHI,43.1950,140.7855,K-NET02,,
HKD140,¬’M,OTARU,43.1907,140.9935,53.0,NA,–kC“Ή γux’΅,HOKKAIDO SHIRIBESHI,43.1883,140.9972,K-NET02,,
HKD141,_b“ΰ,KAMOENAI,43.1449,140.4355,3.0,NA,–kC“Ή γux’΅,HOKKAIDO SHIRIBESHI,43.1425,140.4391,K-NET02,,
HKD142,Τδμ,AKAIGAWA,43.0846,140.8200,148.0,NA,–kC“Ή γux’΅,HOKKAIDO SHIRIBESHI,43.0822,140.8236,K-NET02,,
HKD143,β“ΰ,IWANAI,42.9793,140.5094,4.8,NA,–kC“Ή γux’΅,HOKKAIDO SHIRIBESHI,42.9769,140.5130,K-NET02,,
HKD144,‹δ’mΐ,KUCCHAN,42.9057,140.7672,183.5,NA,–kC“Ή γux’΅,HOKKAIDO SHIRIBESHI,42.9033,140.7708,K-NET02,,
HKD145,μ–Ξ•Κ,KIMOBETSU,42.7977,140.9364,259.0,NA,–kC“Ή γux’΅,HOKKAIDO SHIRIBESHI,42.7952,140.9400,K-NET02,,
HKD146,ƒjƒZƒR,NISEKO,42.8077,140.6877,152.0,NA,–kC“Ή γux’΅,HOKKAIDO SHIRIBESHI,42.8053,140.6913,K-NET02,,
HKD147,—–‰z,RANKOSHI,42.8051,140.5302,31.0,NA,–kC“Ή γux’΅,HOKKAIDO SHIRIBESHI,42.8027,140.5338,K-NET02,,
HKD148,•Ό“ΰ,KUROMATSUNAI,42.6679,140.3049,25.9,NA,–kC“Ή γux’΅,HOKKAIDO SHIRIBESHI,42.6654,140.3085,K-NET02,,
HKD149,υ“s,SUTTSU,42.7904,140.2305,23.5,NA,–kC“Ή γux’΅,HOKKAIDO SHIRIBESHI,42.7880,140.2341,K-NET02,,
HKD150,“‡–q,SHIMAMAKI,42.7011,140.0616,7.2,NA,–kC“Ή γux’΅,HOKKAIDO SHIRIBESHI,42.6986,140.0652,K-NET02,,
HKD151,’·–•”,OSHAMAMBE,42.4944,140.3539,8.8,NA,–kC“Ή “n“‡x’΅,HOKKAIDO OSHIMA,42.4919,140.3575,K-NET02,,
HKD152,”‰_,YAKUMO,42.2586,140.2636,2.5,NA,–kC“Ή “n“‡x’΅,HOKKAIDO OSHIMA,42.2561,140.2672,K-NET02,,
HKD153,γ‚Μ“’,KAMINOYU,42.1244,140.3758,65.0,NA,–kC“Ή “n“‡x’΅,HOKKAIDO OSHIMA,42.1219,140.3794,K-NET02,,
HKD154,X,MORI,42.0963,140.5633,82.3,NA,–kC“Ή “n“‡x’΅,HOKKAIDO OSHIMA,42.0938,140.5669,K-NET02,,
HKD155,­•”,SHIKABE,42.0436,140.8064,6.0,NA,–kC“Ή “n“‡x’΅,HOKKAIDO OSHIMA,42.0411,140.8100,K-NET02,,
HKD156,µ”Ρ,NANAE,41.8995,140.6958,82.0,NA,–kC“Ή “n“‡x’΅,HOKKAIDO OSHIMA,41.8969,140.6994,K-NET02,,
HKD157,“μ•”,MINAMIKAYABE,41.9051,140.9697,36.6,NA,–kC“Ή “n“‡x’΅,HOKKAIDO OSHIMA,41.9025,140.9733,K-NET02,,
HKD158,“Μ–@‰Ψ,TODOHOKKE,41.8345,141.1411,5.5,NA,–kC“Ή “n“‡x’΅,HOKKAIDO OSHIMA,41.8319,141.1447,K-NET02,,
HKD159,Λδ,TOI,41.7162,141.0025,34.7,NA,–kC“Ή “n“‡x’΅,HOKKAIDO OSHIMA,41.7136,141.0061,K-NET02,,
HKD160,”Ω,HAKODATE,41.7701,140.7383,3.9,NA,–kC“Ή “n“‡x’΅,HOKKAIDOH OSHIMA,41.7675,140.7419,K-NET02,,
HKD161,–ΨΓ“ΰ,KIKONAI,41.6795,140.4334,3.8,NA,–kC“Ή “n“‡x’΅,HOKKAIDOH OSHIMA,41.6769,140.4369,K-NET02,,
HKD162,•“‡,FUKUSHIMA,41.4862,140.2470,9.7,NA,–kC“Ή “n“‡x’΅,HOKKAIDOH OSHIMA,41.4836,140.2505,K-NET02,,
HKD163,Ό‘O,MATSUMAE,41.4339,140.1115,9.5,NA,–kC“Ή “n“‡x’΅,HOKKAIDOH OSHIMA,41.4313,140.1150,K-NET02,,
HKD164,£’I,SETANA,42.4502,139.8537,9.2,NA,–kC“Ή •ORx’΅,HOKKAIDO HIYAMA,42.4477,139.8572,K-NET02,,
HKD165,΅‹ΰ,IMAKANE,42.4286,140.0175,19.0,NA,–kC“Ή •ORx’΅,HOKKAIDO HIYAMA,42.4261,140.0211,K-NET02,,
HKD166,‘ε¬,TAISEI,42.2286,139.8184,43.0,NA,–kC“Ή •ORx’΅,HOKKAIDO HIYAMA,42.2261,139.8219,K-NET02,,
HKD167,FΞ,KUMAISHI,42.1297,139.9815,32.6,NA,–kC“Ή “n“‡x’΅,HOKKAIDO OSHIMA,42.1272,139.9850,K-NET02,,
HKD168,]·,ESASHI,41.8691,140.1270,2.8,NA,–kC“Ή •ORx’΅,HOKKAIDO HIYAMA,41.8666,140.1305,K-NET02,,
HKD169,–ΨΤ“ΰ,KIMANAI,41.9352,140.3695,113.8,NA,–kC“Ή •ORx’΅,HOKKAIDO HIYAMA,41.9327,140.3730,K-NET02,,
HKD170,“’ƒm‘Π,YUNOTAI,41.7492,140.2512,77.1,NA,–kC“Ή •ORx’΅,HOKKAIDO HIYAMA,41.7466,140.2547,K-NET02,,
HKD171,¬»q,CHIISAGO,41.6487,139.9976,32.7,NA,–kC“Ή •ORx’΅,HOKKAIDO HIYAMA,41.6461,140.0011,K-NET02,,
HKD172,ξ•δ,INAHO,42.2397,139.5520,6.0,NA,–kC“Ή •ORx’΅,HOKKAIDO HIYAMA,42.2372,139.5555,K-NET02,,
HKD173,Β•c,AONAE,42.0661,139.4515,9.4,NA,–kC“Ή •ORx’΅,HOKKAIDO HIYAMA,42.0636,139.4550,K-NET02,,
HKD174,–k“‡‰Μ,KITASHIMAUTA,42.5949,139.8287,8.0,NA,–kC“Ή •ORx’΅,HOKKAIDO HIYAMA,42.5925,139.8322,K-NET02,,
HKD175,•l‰v,HAMAMASU,43.6015,141.3882,28.5,NA,–kC“Ή Ξλx’΅,HOKKAIDO ISHIKARI,43.5991,141.3919,K-NET02,,
HKD176,l”Τμ,YOMBANGAWA,43.5324,141.5924,156.0,NA,–kC“Ή Ξλx’΅,HOKKAIDO ISHIKARI,43.5300,141.5961,K-NET02,,
HKD177,ϊ“c,ATSUTA,43.4001,141.4346,6.1,NA,–kC“Ή Ξλx’΅,HOKKAIDO ISHIKARI,43.3977,141.4383,K-NET02,,
HKD178,Ξλ,ISHIKARI,43.1721,141.3046,6.5,NA,–kC“Ή Ξλx’΅,HOKKAIDO ISHIKARI,43.1697,141.3083,K-NET02,,
HKD179,“–•Κ,TOBETSU,43.2237,141.5171,15.6,NA,–kC“Ή Ξλx’΅,HOKKAIDO ISHIKARI,43.2213,141.5208,K-NET02,,
HKD180,D–y,SAPPORO,43.1390,141.3513,2.9,NA,–kC“Ή Ξλx’΅,HOKKAIDO ISHIKARI,43.1366,141.3550,K-NET02,,
HKD181,]•Κ,EBETSU,43.1161,141.5462,8.0,NA,–kC“Ή Ξλx’΅,HOKKAIDO ISHIKARI,43.1137,141.5499,K-NET02,,
HKD182,L“‡,HIROSHIMA,42.9925,141.5524,38.4,NA,–kC“Ή Ξλx’΅,HOKKAIDO ISHIKARI,42.9900,141.5561,K-NET02,,
HKD183,’θRk,JOZANKEI,42.9721,141.1651,282.0,NA,–kC“Ή Ξλx’΅,HOKKAIDO ISHIKARI,42.9697,141.1688,K-NET02,,
HKD184,ηΞ,CHITOSE,42.7900,141.6010,68.0,NA,–kC“Ή Ξλx’΅,HOKKAIDO ISHIKARI,42.7875,141.6047,K-NET02,,
HKD185,xβ”Ξ”Θ,SHIKOTSUKOHAN,42.7755,141.4021,251.9,NA,–kC“Ή Ξλx’΅,HOKKAIDO ISHIKARI,42.7730,141.4058,K-NET02,,
HRS001,‚–μ,TAKANO,35.0337,132.9018,565.6,NA,L“‡§,HIROSHIMAKEN,35.0305,132.9044,K-NET11A,,
HRS002,“ι,TOJO,34.8951,133.2755,306.1,NA,L“‡§,HIROSHIMAKEN,34.8919,133.2781,K-NET11A,,
HRS003,O,MIYOSHI,34.8143,132.8418,156.2,NA,L“‡§,HIROSHIMAKEN,34.8111,132.8444,K-NET11A,,
HRS004,|–k,GEIHOKU,34.7262,132.2772,585.7,NA,L“‡§,HIROSHIMAKEN,34.7230,132.2797,K-NET11A,,
HRS005,–ϋ–Ψ,YUKI,34.7770,133.2807,480.2,NA,L“‡§,HIROSHIMAKEN,34.7738,133.2833,K-NET11A,,
HRS006,–L•½,TOYOHIRA,34.6659,132.4077,371.0,NA,L“‡§,HIROSHIMAKEN,34.6627,132.4102,K-NET11A,,
HRS007,b“z,KONU,34.7032,133.0946,382.0,NA,L“‡§,HIROSHIMAKEN,34.7000,133.0972,K-NET11A,,
HRS008,ό΄,MUKAIHARA,34.6029,132.7201,206.6,NA,L“‡§,HIROSHIMAKEN,34.6061,132.7176,K-NET11A,,
HRS009,“’—,YUKI,34.4926,132.2794,219.0,NA,L“‡§,HIROSHIMAKEN,34.4894,132.2819,K-NET11A,,
HRS010,Ά—…,SERA,34.5868,133.0488,337.8,NA,L“‡§,HIROSHIMAKEN,34.5836,133.0514,K-NET11A,,
HRS011,•{’†,FUCHU,34.5686,133.2364,28,NA,L“‡§,HIROSHIMAKEN,34.5654,133.2390,K-NET11A,,
HRS012,“L“‡,HIGASHIHIROSHIMA,34.4276,132.7422,215.0,NA,L“‡§,HIROSHIMAKEN,34.4244,132.7447,K-NET11A,,
HRS013,L“‡,HIROSHIMA,34.3768,132.4505,2.5,NA,L“‡§,HIROSHIMAKEN,34.3736,132.4530,K-NET11A,,
HRS014,‘ε–μ,OHNO,34.2869,132.2766,3.1,NA,L“‡§,HIROSHIMAKEN,34.2836,132.2791,K-NET11A,,
HRS015,•R,FUKUYAMA,34.4849,133.3615,2.4,NA,L“‡§,HIROSHIMAKEN,34.4816,133.3641,K-NET11A,,
HRS016,”φ“Ή,ONOMICHI,34.4198,133.1971,40.2,NA,L“‡§,HIROSHIMAKEN,34.4166,133.1997,K-NET11A,,
HRS017,O΄,MIHARA,34.4040,133.0832,16.0,NA,L“‡§,HIROSHIMAKEN,34.4008,133.0858,K-NET11A,,
HRS018,’|΄,TAKEHARA,34.3413,132.9068,2.3,NA,L“‡§,HIROSHIMAKEN,34.3380,132.9094,K-NET11A,,
HRS019,ΰ,KURE,34.2530,132.5617,4,NA,L“‡§,HIROSHIMAKEN,34.2497,132.5642,K-NET11A,,
HRS020,φ“‡,INNOSHIMA,34.3027,133.1693,3.6,NA,L“‡§,HIROSHIMAKEN,34.2994,133.1719,K-NET11A,,
HRS021,Όι,SAIJO,34.9529,133.1171,325.1,NA,L“‡§,HIROSHIMAKEN,34.9497,133.1197,K-NET11A,,
HYG001,•lβ,HAMASAKA,35.6194,134.4500,7.0,NA,•ΊΙ§,HYOGOKEN,35.6163,134.4527,K-NET11A,,
HYG002,Z,KASUMI,35.6411,134.6284,6.0,NA,•ΊΙ§,HYOGOKEN,35.6380,134.6311,K-NET11A,,
HYG003,oΞ,IZUSHI,35.4615,134.8758,10.0,NA,•ΊΙ§,HYOGOKEN,35.4583,134.8786,K-NET11A,,
HYG004,‘Ί‰,MURAOKA,35.4582,134.5748,290.0,NA,•ΊΙ§,HYOGOKEN,35.4550,134.5775,K-NET11A,,
HYG005,a“cR,WADAYAMA,35.3407,134.8619,75.0,NA,•ΊΙ§,HYOGOKEN,35.3375,134.8647,K-NET11A,,
HYG006,‘ε‰®,OHYA,35.3326,134.6652,150.0,NA,•ΊΙ§,HYOGOKEN,35.3294,134.6680,K-NET11A,,
HYG007,”g‰κ,HAGA,35.1637,134.5459,254.0,NA,•ΊΙ§,HYOGOKEN,35.1605,134.5486,K-NET11A,,
HYG008,¶–μ,IKUNO,35.1482,134.7880,300.0,NA,•ΊΙ§,HYOGOKEN,35.1450,134.7908,K-NET11A,,
HYG009,•δ,KUROI,35.1690,135.1041,85.0,NA,•ΊΙ§,HYOGOKEN,35.1658,135.1069,K-NET11A,,
HYG010,’O“μ,TANNAN,35.0593,135.1777,195.0,NA,•ΊΙ§,HYOGOKEN,35.0561,135.1805,K-NET11A,,
HYG011,γ,KOZUKI,34.9848,134.3228,75.0,NA,•ΊΙ§,HYOGOKEN,34.9816,134.3255,K-NET11A,,
HYG012,Rθ,YAMASAKI,34.9959,134.5520,85.0,NA,•ΊΙ§,HYOGOKEN,34.9927,134.5547,K-NET11A,,
HYG013,sμ,ICHIKAWA,34.9890,134.7634,85.0,NA,•ΊΙ§,HYOGOKEN,34.9858,134.7661,K-NET11A,,
HYG014,Όe,NISHIWAKI,35.0023,134.9999,75.0,NA,•ΊΙ§,HYOGOKEN,34.9991,135.0027,K-NET11A,,
HYG015,O“c,SANDA,34.9515,135.2713,195.0,NA,•ΊΙ§,HYOGOKEN,34.9483,135.2741,K-NET11A,,
HYG016,Τ•δ,AKO,34.7551,134.3900,5.0,NA,•ΊΙ§,HYOGOKEN,34.7519,134.3927,K-NET11A,,
HYG017,—΄–μ,TATSUNO,34.8593,134.5445,24.0,NA,•ΊΙ§,HYOGOKEN,34.8561,134.5472,K-NET11A,,
HYG018,•PH,HIMEJI,34.8143,134.6870,9.0,NA,•ΊΙ§,HYOGOKEN,34.8111,134.6897,K-NET11A,,
HYG019,‰ΑΓμ,KAKOGAWA,34.8320,134.8236,45.0,NA,•ΊΙ§,HYOGOKEN,34.8288,134.8263,K-NET11A,,
HYG020,O–Ψ,MIKI,34.7976,134.9899,75.0,NA,•ΊΙ§,HYOGOKEN,34.7944,134.9927,K-NET11A,,
HYG021,_Λ,KOBE,34.6898,135.1583,90.0,NA,•ΊΙ§,HYOGOKEN,34.6866,135.1611,K-NET11A,,
HYG022,Ό‹{,NISHINOMIYA,34.7463,135.3499,10.0,NA,•ΊΙ§,HYOGOKEN,34.7430,135.3527,K-NET11A,,
HYG023,–ΎΞ,AKASHI,34.6444,134.9999,2.0,NA,•ΊΙ§,HYOGOKEN,34.6411,135.0027,K-NET11A,,
HYG024,“‰Y,HIGASHIURA,34.5330,134.9904,6.0,NA,•ΊΙ§,HYOGOKEN,34.5297,134.9932,K-NET11A,,
HYG025,F–{,SUMOTO,34.3405,134.9014,10.0,NA,•ΊΙ§,HYOGOKEN,34.3372,134.9041,K-NET11A,,
HYG026,άF,GOSHIKI,34.4149,134.7925,70.0,NA,•ΊΙ§,HYOGOKEN,34.4116,134.7952,K-NET11A,,
HYG027,“μ’W,NANDAN,34.2499,134.7292,115.0,NA,•ΊΙ§,HYOGOKEN,34.2466,134.7319,K-NET11A,,
IBR001,‘εq,DAIGO,36.7761,140.3569,104.8,NA,οι§,IBARAKIKEN,36.7730,140.3602,K-NET11A,,
IBR002,‚”‹,TAKAHAGI,36.7061,140.7068,9.2,NA,οι§,IBARAKIKEN,36.7030,140.7102,K-NET11A,,
IBR003,“ϊ—§,HITACHI,36.5915,140.6453,57.5,NA,οι§,IBARAKIKEN,36.5883,140.6486,K-NET11A,,
IBR004,‘ε‹{,OHMIYA,36.5516,140.4102,61.0,NA,οι§,IBARAKIKEN,36.5485,140.4135,K-NET11A,,
IBR005,}Τ,KASAMA,36.3851,140.2372,62.6,NA,οι§,IBARAKIKEN,36.3819,140.2405,K-NET11A,,
IBR006,…Λ,MITO,36.3690,140.4528,20.0,NA,οι§,IBARAKIKEN,36.3658,140.4561,K-NET11A,,
IBR007,“ί‰Ο–©,NAKAMINATO,36.3523,140.5955,23.6,NA,οι§,IBARAKIKEN,36.3491,140.5988,K-NET11A,,
IBR008,‰ΊΩ,SHIMODATE,36.3062,139.9828,20.4,NA,οι§,IBARAKIKEN,36.3030,139.9861,K-NET11A,,
IBR009,Γ‰Ν,KOGA,36.1848,139.7037,17.3,NA,οι§,IBARAKIKEN,36.1816,139.7069,K-NET11A,,
IBR010,‰ΊΘ,SHIMOTSUMA,36.1843,139.9653,23.4,NA,οι§,IBARAKIKEN,36.1811,139.9686,K-NET11A,,
IBR011,‚Β‚­‚Ξ,TSUKUBA,36.1251,140.0903,26.0,NA,οι§,IBARAKIKEN,36.1219,140.0936,K-NET11A,,
IBR012,Ξ‰,ISHIOKA,36.1954,140.2713,25,NA,οι§,IBARAKIKEN,36.1922,140.2746,K-NET11A,,
IBR013,–g“c,HOKOTA,36.1587,140.4892,28.5,NA,οι§,IBARAKIKEN,36.1555,140.4925,K-NET11A,,
IBR014,“y‰Y,TSUCHIURA,36.0729,140.1947,11.0,NA,οι§,IBARAKIKEN,36.0697,140.1980,K-NET11A,,
IBR015,βδ,IWAI,36.0693,139.9080,13.5,NA,οι§,IBARAKIKEN,36.0661,139.9113,K-NET11A,,
IBR016,ζθ,TORIDE,35.9112,140.0494,20.4,NA,οι§,IBARAKIKEN,35.9080,140.0527,K-NET11A,,
IBR017,]Λθ,EDOSAKI,35.9537,140.3194,17.4,NA,οι§,IBARAKIKEN,35.9505,140.3227,K-NET11A,,
IBR018,­“,KASHIMA,35.9770,140.6322,38.8,NA,οι§,IBARAKIKEN,35.9738,140.6355,K-NET11A,,
IBR019,–kοι,KITAIBARAKI,36.8808,140.6544,NA,NA,οι§,IBARAKIKEN,36.8777,140.6578,---,‹x~,suspension
ISK001,‘ε’J,OHYA,37.4999,137.1764,5.5,NA,Ξμ§,ISHIKAWAKEN,37.4969,137.1794,K-NET11A,,
ISK002,³‰@,SHOIN,37.4443,137.2877,3.9,NA,Ξμ§,ISHIKAWAKEN,37.4413,137.2908,K-NET11A,,
ISK003,—Φ“‡,WAJIMA,37.3919,136.9083,10.0,NA,Ξμ§,ISHIKAWAKEN,37.3889,136.9113,K-NET11A,,
ISK004,”\“s,NOTO,37.3080,137.1470,3.6,NA,Ξμ§,ISHIKAWAKEN,37.3050,137.1500,K-NET11A,,
ISK005,…,ANAMIZU,37.2307,136.9039,2.6,NA,Ξμ§,ISHIKAWAKEN,37.2277,136.9069,K-NET11A,,
ISK006,•x—,TOGI,37.1602,136.6897,80.0,NA,Ξμ§,ISHIKAWAKEN,37.1572,136.6927,K-NET11A,,
ISK007,µ”φ,NANAO,37.0427,136.9681,2.8,NA,Ξμ§,ISHIKAWAKEN,37.0397,136.9711,K-NET11A,,
ISK008,‰Hξ,HAKUI,36.8918,136.7783,15.1,NA,Ξμ§,ISHIKAWAKEN,36.8888,136.7813,K-NET11A,,
ISK009,µ’Λ,NANATSUKA,36.7334,136.7025,38,NA,Ξμ§,ISHIKAWAKEN,36.7304,136.7055,K-NET11A,,
ISK010,‹ΰ‘ς,KANAZAWA,36.5419,136.6431,29.6,NA,Ξμ§,ISHIKAWAKEN,36.5388,136.6461,K-NET11A,,
ISK011,¬Ό,KOMATSU,36.3967,136.4432,2.7,NA,Ξμ§,ISHIKAWAKEN,36.3936,136.4461,K-NET11A,,
ISK012,’Ή‰z,TORIGOE,36.3575,136.6045,177.4,NA,Ξμ§,ISHIKAWAKEN,36.3544,136.6075,K-NET11A,,
ISK013,”’•τ,SHIRAMINE,36.1805,136.6247,476.5,NA,Ξμ§,ISHIKAWAKEN,36.1774,136.6276,K-NET11A,,
ISK014,‰Α‰κ,KAGA,36.3028,136.3154,4.5,NA,Ξμ§,ISHIKAWAKEN,36.2997,136.3183,K-NET11A,,
ISK015,‘ε’¬,OHMACHI,37.2265,136.9087,3.0,NA,Ξμ§,ISHIKAWAKEN,37.2235,136.9117,K-NET02,,
IWT001,νs,TANEICHI,40.4099,141.7191,15.0,NA,βθ§,IWATEKEN,40.4072,141.7227,K-NET11A,,
IWT002,‹v,KUJI,40.1819,141.7641,28.0,NA,βθ§,IWATEKEN,40.1791,141.7677,K-NET11,,
IWT003,•‘γ,FUDAI,40.0083,141.8861,9.4,NA,βθ§,IWATEKEN,40.0055,141.8897,K-NET11,,
IWT004,“cV,TARO,39.7357,141.9671,9,NA,βθ§,IWATEKEN,39.7329,141.9707,K-NET11,,
IWT005,‹{Γ,MIYAKO,39.6472,141.9464,4.0,NA,βθ§,IWATEKEN,39.6444,141.9500,K-NET11,,
IWT006,R“c,YAMADA,39.4850,141.9748,17,NA,βθ§,IWATEKEN,39.4821,141.9784,K-NET11,,
IWT007,Ξ,KAMAISHI,39.2701,141.8561,10.8,NA,βθ§,IWATEKEN,39.2672,141.8597,K-NET11,,
IWT008,‘ε‘D“n,OHFUNATO,39.0815,141.7083,50.0,NA,βθ§,IWATEKEN,39.0786,141.7119,K-NET11,,
IWT009,‘ε“,DAITO,39.0187,141.4031,150.0,NA,βθ§,IWATEKEN,39.0158,141.4066,K-NET11,,
IWT010,κΦ,ICHINOSEKI,38.9346,141.1263,31,NA,βθ§,IWATEKEN,38.9317,141.1298,K-NET11,,
IWT011,…‘ς,MIZUSAWA,39.1454,141.1520,44.8,NA,βθ§,IWATEKEN,39.1425,141.1555,K-NET11,,
IWT012,–kγ,KITAKAMI,39.3209,141.1378,64.0,NA,βθ§,IWATEKEN,39.3180,141.1413,K-NET11,,
IWT013,‰“–μ,TONO,39.3291,141.5637,310,NA,βθ§,IWATEKEN,39.3262,141.5672,K-NET11,,
IWT014,Ξ’Ή’J,ISHIDORIYA,39.4844,141.1470,86.0,NA,βθ§,IWATEKEN,39.4816,141.1505,K-NET11,,
IWT015,μK,KAWAJIRI,39.3180,140.7792,247.0,NA,βθ§,IWATEKEN,39.3152,140.7827,K-NET11,,
IWT016,μδ,KAWAI,39.5997,141.6789,198.0,NA,βθ§,IWATEKEN,39.5969,141.6825,K-NET11,,
IWT017,–ε”n,KADOMA,39.6336,141.4376,630.0,NA,βθ§,IWATEKEN,39.6308,141.4411,K-NET11,,
IWT018,·‰,MORIOKA,39.6953,141.1478,125.0,NA,βθ§,IWATEKEN,39.6925,141.1513,K-NET11A,,
IWT019,βς,IWAIZUMI,39.8030,141.6584,288,NA,βθ§,IWATEKEN,39.8002,141.6620,K-NET11,,
IWT020,εMμ,YABUKAWA,39.7841,141.3295,690.0,NA,βθ§,IWATEKEN,39.7813,141.3330,K-NET11,,
IWT021,Ό,NISHINE,39.9203,141.0820,282.0,NA,βθ§,IWATEKEN,39.9175,141.0855,K-NET11,,
IWT022,ΐ‘γ,ASHIRO,40.1011,141.0523,300.0,NA,βθ§,IWATEKEN,40.0983,141.0558,K-NET11,,
IWT023,‹,KUZUMAKI,40.0366,141.4502,392.0,NA,βθ§,IWATEKEN,40.0338,141.4538,K-NET11,,
IWT024,“ρΛ,NINOHE,40.2612,141.2908,94,NA,βθ§,IWATEKEN,40.2585,141.2944,K-NET11,,
IWT025,‘εu“c,OHSHIDA,39.5169,140.8301,370.0,NA,βθ§,IWATEKEN,39.5141,140.8336,K-NET11,,
IWT026,‘‹,AISARI,39.2569,141.0983,83.0,NA,βθ§,IWATEKEN,39.2540,141.1018,K-NET11,,
KGS001,“,AZUMA,32.1947,130.1763,77.0,NA,­™“‡§,KAGOSHIMAKEN,32.1913,130.1786,K-NET02,,
KGS002,o…,IZUMI,32.0916,130.3519,12,NA,­™“‡§,KAGOSHIMAKEN,32.0882,130.3542,K-NET02,,
KGS003,‘εϋ,OHKUCHI,32.0559,130.5874,176.0,NA,­™“‡§,KAGOSHIMAKEN,32.0525,130.5897,K-NET02,,
KGS004,Ά‹v,AKUNE,32.0145,130.1927,2.7,NA,­™“‡§,KAGOSHIMAKEN,32.0111,130.1950,K-NET02,,
KGS005,‹{”Vι,MIYANOJO,31.9006,130.4513,42.5,NA,­™“‡§,KAGOSHIMAKEN,31.8972,130.4536,K-NET02,,
KGS006,‰΅μ,YOKOGAWA,31.9060,130.7021,187.5,NA,­™“‡§,KAGOSHIMAKEN,31.9025,130.7044,K-NET02,,
KGS007,μ“ΰ,SENDAI,31.8143,130.3032,3.8,NA,­™“‡§,KAGOSHIMAKEN,31.8108,130.3055,K-NET02,,
KGS008,—¶,KAMO,31.7621,130.5699,14.8,NA,­™“‡§,KAGOSHIMAKEN,31.7586,130.5722,K-NET02,,
KGS009,‘•,KOKUBU,31.7368,130.7613,4.0,NA,­™“‡§,KAGOSHIMAKEN,31.7333,130.7636,K-NET02,,
KGS010,‹ψ–Ψ–μ,KUSHIKINO,31.7123,130.2735,15.9,NA,­™“‡§,KAGOSHIMAKEN,31.7088,130.2758,K-NET02,,
KGS011,“ϊ‹g,HIYOSHI,31.5896,130.3490,18.0,NA,­™“‡§,KAGOSHIMAKEN,31.5861,130.3513,K-NET02,,
KGS012,­™“‡,KAGOSHIMA,31.6057,130.5740,3.8,NA,­™“‡§,KAGOSHIMAKEN,31.6022,130.5763,K-NET02,,
KGS013,‘ε‹χ,OHSUMI,31.5973,130.9938,117.7,NA,­™“‡§,KAGOSHIMAKEN,31.5938,130.9961,K-NET02,,
KGS014,‚…,TARUMIZU,31.4960,130.6999,3.2,NA,­™“‡§,KAGOSHIMAKEN,31.4925,130.7022,K-NET02,,
KGS015,‘εθ,OHSAKI,31.4304,131.0110,33.9,NA,­™“‡§,KAGOSHIMAKEN,31.4269,131.0133,K-NET02,,
KGS016,‰ΑΆ“c,KASEDA,31.4162,130.3225,10.8,NA,­™“‡§,KAGOSHIMAKEN,31.4127,130.3247,K-NET02,,
KGS017,­‰®,KANOYA,31.3954,130.8702,64.4,NA,­™“‡§,KAGOSHIMAKEN,31.3919,130.8725,K-NET02,,
KGS018,μ“ό,KIIRE,31.3757,130.5449,51.4,NA,­™“‡§,KAGOSHIMAKEN,31.3722,130.5472,K-NET02,,
KGS019,–θ,MAKURAZAKI,31.2776,130.3008,10.0,NA,­™“‡§,KAGOSHIMAKEN,31.2741,130.3030,K-NET02,,
KGS020,‰o΅,EI,31.2396,130.4915,21.4,NA,­™“‡§,KAGOSHIMAKEN,31.2361,130.4938,K-NET02,,
KGS021,wh,IBUSUKI,31.2535,130.6324,7.9,NA,­™“‡§,KAGOSHIMAKEN,31.2500,130.6347,K-NET02,,
KGS022,“ΰ”V‰Y,UCHINOURA,31.2804,131.0504,12.0,NA,­™“‡§,KAGOSHIMAKEN,31.2769,131.0527,K-NET02,,
KGS023,“c‘γ,TASHIRO,31.1990,130.8490,178.9,NA,­™“‡§,KAGOSHIMAKEN,31.1955,130.8513,K-NET02,,
KGS024,²‘½,SATA,31.0888,130.6982,74.6,NA,­™“‡§,KAGOSHIMAKEN,31.0852,130.7005,K-NET02,,
KGS025,Ό”V•\,NISHINOOMOTE,30.7319,130.9977,15.0,NA,­™“‡§,KAGOSHIMAKEN,30.7283,131.0000,K-NET02,,
KGS026,’†νq,NAKATANE,30.5202,130.9543,115.0,NA,­™“‡§,KAGOSHIMAKEN,30.5166,130.9566,K-NET02,,
KGS027,–ε‘qθ,KADOKURAZAKI,30.3488,130.8829,15.0,NA,­™“‡§,KAGOSHIMAKEN,30.3452,130.8852,K-NET02,,
KGS028,γ‰®‹v,KAMIYAKU,30.4204,130.5771,40.8,NA,­™“‡§,KAGOSHIMAKEN,30.4168,130.5793,K-NET02,,
KGS029,‰®‹v,YAKU,30.2363,130.5553,60.0,NA,­™“‡§,KAGOSHIMAKEN,30.2327,130.5575,K-NET02,,
KGS030,}—,KASARI,28.4510,129.6784,3.5,NA,­™“‡§,KAGOSHIMAKEN,28.4472,129.6805,K-NET02,,
KGS031,‘εa,YAMATO,28.3555,129.3926,3.9,NA,­™“‡§,KAGOSHIMAKEN,28.3517,129.3947,K-NET02,,
KGS032,£Λ“ΰ,SETOUCHI,28.1388,129.3206,1.5,NA,­™“‡§,KAGOSHIMAKEN,28.1350,129.3227,K-NET02,,
KGS033,Ιε,ISEN,27.6882,128.9427,135.0,NA,­™“‡§,KAGOSHIMAKEN,27.6844,128.9447,K-NET02,,
KGS034,’m–Ό,CHINA,27.3340,128.5743,24.0,NA,­™“‡§,KAGOSHIMAKEN,27.3302,128.5763,K-NET02,,
KGS035,—^_,YORON,27.0522,128.4241,44.0,NA,­™“‡§,KAGOSHIMAKEN,27.0483,128.4261,K-NET02,,
KGS036,γ™,KAMIKOSHIKI,31.8360,129.8678,6.0,NA,­™“‡§,KAGOSHIMAKEN,31.8325,129.8700,K-NET02,,
KGS037,‰Ί™,SHIMOKOSHIKI,31.6390,129.7078,13.3,NA,­™“‡§,KAGOSHIMAKEN,31.6355,129.7100,K-NET02,,
KGW001,“y―,TONOSHO,34.5452,134.2804,3,NA,μ§,KAGAWAKEN,34.5420,134.2831,K-NET11A,,
KGW002,“ΰC,UCHINOUMI,34.4727,134.3139,4.0,NA,μ§,KAGAWAKEN,34.4694,134.3166,K-NET11A,,
KGW003,Ϋ‹T,MARUGAME,34.2644,133.7896,12,NA,μ§,KAGAWAKEN,34.2611,133.7922,K-NET11A,,
KGW004,‚Ό,TAKAMATSU,34.3473,134.0374,2.4,NA,μ§,KAGAWAKEN,34.3440,134.0401,K-NET11A,,
KGW005,Ο‰Ή›,KANONJI,34.1138,133.6354,2.3,NA,μ§,KAGAWAKEN,34.1105,133.6380,K-NET11A,,
KGW006,’·”φ,NAGAO,34.2496,134.1856,70.0,NA,μ§,KAGAWAKEN,34.2463,134.1883,K-NET11A,,
KGW007,ψ“c,HIKETA,34.2271,134.4009,1.6,NA,μ§,KAGAWAKEN,34.2238,134.4036,K-NET11A,,
KGW008,‹Υ“μ,KOTONAMI,34.1644,133.9243,1.6,NA,μ§,KAGAWAKEN,34.1611,133.9269,K-NET11A,,
KMM001,¬‘,OGUNI,33.1208,131.0687,432.0,NA,F–{§,KUMAMOTOKEN,33.1175,131.0711,K-NET11B,,
KMM002,R­,YAMAGA,33.0185,130.6846,30.0,NA,F–{§,KUMAMOTOKEN,33.0152,130.6869,K-NET11B,,
KMM003,‹Κ–Ό,TAMANA,32.9336,130.5477,14.0,NA,F–{§,KUMAMOTOKEN,32.9302,130.5500,K-NET11B,,
KMM004,κ‚Μ‹{,ICHINOMIYA,32.9320,131.1214,556.0,NA,F–{§,KUMAMOTOKEN,32.9286,131.1238,K-NET11A,,
KMM005,‘ε’Γ,OHZU,32.8761,130.8774,124.0,NA,F–{§,KUMAMOTOKEN,32.8727,130.8797,K-NET11B,,
KMM006,F–{,KUMAMOTO,32.7934,130.7772,34,NA,F–{§,KUMAMOTOKEN,32.7900,130.7795,K-NET11B,,
KMM007,‚X,TAKAMORI,32.8267,131.1226,548.0,NA,F–{§,KUMAMOTOKEN,32.8233,131.1250,K-NET11B,,
KMM008,‰F“y,UTO,32.6878,130.6582,4.0,NA,F–{§,KUMAMOTOKEN,32.6844,130.6605,K-NET11B,,
KMM009,–ξ•”,YABE,32.6858,130.9856,443,NA,F–{§,KUMAMOTOKEN,32.6824,130.9880,K-NET11B,,
KMM010,Op,MISUMI,32.6136,130.4874,2.0,NA,F–{§,KUMAMOTOKEN,32.6102,130.4897,K-NET11B,,
KMM011,“u—p,TOMOCHI,32.6167,130.8652,142.0,NA,F–{§,KUMAMOTOKEN,32.6133,130.8675,K-NET11B,,
KMM012,”‘γ,YATSUSHIRO,32.5078,130.6024,2.9,NA,F–{§,KUMAMOTOKEN,32.5044,130.6047,K-NET11B,,
KMM013,“c‰Y,TANOURA,32.3650,130.5099,3.0,NA,F–{§,KUMAMOTOKEN,32.3616,130.5122,K-NET11B,,
KMM014,ά–Ψ,ITSUKI,32.3961,130.8268,300.0,NA,F–{§,KUMAMOTOKEN,32.3927,130.8291,K-NET11B,,
KMM015,…–“,MINAMATA,32.2161,130.4046,5.1,NA,F–{§,KUMAMOTOKEN,32.2127,130.4069,K-NET11B,,
KMM016,l‹g,HITOYOSHI,32.1966,130.7757,149.1,NA,F–{§,KUMAMOTOKEN,32.1931,130.7780,K-NET11B,,
KMM017,‘½—Η–Ψ,TARAGI,32.2561,130.9257,154.5,NA,F–{§,KUMAMOTOKEN,32.2527,130.9280,K-NET11B,,
KMM018,—΄ƒ–x,RYUGATAKE,32.3942,130.3885,2.5,NA,F–{§,KUMAMOTOKEN,32.3908,130.3908,K-NET11B,,
KMM019,–{“n,HONDO,32.4548,130.1807,7,NA,F–{§,KUMAMOTOKEN,32.4514,130.1830,K-NET11B,,
KMM020,Va,SHINWA,32.3636,130.1807,9.6,NA,F–{§,KUMAMOTOKEN,32.3602,130.1830,K-NET02,,
KMM021,“V‘,AMAKUSA,32.3793,129.9997,10.0,NA,F–{§,KUMAMOTOKEN,32.3759,130.0020,K-NET11B,,
KMM022,‹[,USHIBUKA,32.1945,130.0265,3.7,NA,F–{§,KUMAMOTOKEN,32.1911,130.0288,K-NET11B,,
KNG001,μθ,KAWASAKI,35.5291,139.7062,1.9,NA,_“ήμ§,KANAGAWAKEN,35.5258,139.7094,K-NET11A,,
KNG002,‰΅•l,YOKOHAMA,35.4371,139.6340,2.0,NA,_“ήμ§,KANAGAWAKEN,35.4338,139.6372,K-NET11A,,
KNG003,‰΅{‰κ,YOKOSUKA,35.2727,139.6579,25.9,NA,_“ήμ§,KANAGAWAKEN,35.2694,139.6611,K-NET11A,,
KNG004,Oθ,MISAKI,35.1441,139.6218,31.4,NA,_“ήμ§,KANAGAWAKEN,35.1408,139.6250,K-NET11A,,
KNG005,™‘q,KAMAKURA,35.3192,139.5462,8.5,NA,_“ήμ§,KANAGAWAKEN,35.3159,139.5494,K-NET11A,,
KNG006,“ρ–“μ,FUTAMATAGAWA,35.4544,139.5387,60.0,NA,_“ήμ§,KANAGAWAKEN,35.4511,139.5419,K-NET11A,,
KNG007,“΅‘ς,FUJISAWA,35.3382,139.4926,11,NA,_“ήμ§,KANAGAWAKEN,35.3349,139.4958,K-NET11A,,
KNG008,‘–Ν΄,SAGAMIHARA,35.5751,139.3265,120.4,NA,_“ήμ§,KANAGAWAKEN,35.5719,139.3297,K-NET11A,,
KNG009,ϊ–Ψ,ATSUGI,35.4424,139.3618,20.4,NA,_“ήμ§,KANAGAWAKEN,35.4391,139.3650,K-NET11A,,
KNG010,•½’Λ,HIRATSUKA,35.3355,139.3504,6.7,NA,_“ήμ§,KANAGAWAKEN,35.3322,139.3536,K-NET11A,,
KNG011,“΅–μ,FUJINO,35.6154,139.1548,213.7,NA,_“ήμ§,KANAGAWAKEN,35.6122,139.1580,K-NET11A,,
KNG012,`–μ,HADANO,35.3794,139.2048,137.5,NA,_“ήμ§,KANAGAWAKEN,35.3761,139.2080,K-NET11A,,
KNG013,¬“c΄,ODAWARA,35.2641,139.1520,11.1,NA,_“ήμ§,KANAGAWAKEN,35.2608,139.1552,K-NET11A,,
KNG014,R–k,YAMAKITA,35.3608,139.0826,106.8,NA,_“ήμ§,KANAGAWAKEN,35.3575,139.0858,K-NET11A,,
KNG201,•½’ΛST1,HIRATSUKA-ST1,34.5956,139.9183,-2197.0,NA,–[‘”Ό“‡‰«,OFFSHORE BOSOH PENINSULA,34.5922,139.9215,K-NET02,,
KNG202,•½’ΛST2,HIRATSUKA-ST2,34.7396,139.8393,-2339.0,NA,–[‘”Ό“‡‰«,OFFSHORE BOSOH PENINSULA,34.7363,139.8425,K-NET02,,
KNG203,•½’ΛST3,HIRATSUKA-ST3,34.7983,139.6435,-902.0,NA,Ι“¤‘ε“‡“•ϋ,EASTWARD OFFSHORE IZU-OSHIMA ISLAND,34.7950,139.6467,K-NET02,,
KNG204,•½’ΛST4,HIRATSUKA-ST4,34.8931,139.5711,-933.0,NA,Ι“¤‘ε“‡–k“,NORTHEASTWARD OFFSHORE IZU-OSHIMA ISLAND,34.8898,139.5743,K-NET02,,
KNG205,•½’ΛST5,HIRATSUKA-ST5,34.9413,139.4213,-1486.0,NA,Ι“¤‘ε“‡–k,NORTHWARD OFFSHORE IZU-OSHIMA ISLAND,34.9380,139.4245,K-NET02,,
KNG206,•½’ΛST6,HIRATSUKA-ST6,35.0966,139.3778,-1130.0,NA,‘–Νp,SAGAMI BAY,35.0933,139.3810,K-NET02,,
KOC001,“—m,TOYO,33.5275,134.2814,6.0,NA,‚’m§,KOCHIKEN,33.5241,134.2841,K-NET11A,,
KOC002,ΊΛ,MUROTO,33.2903,134.1681,16.8,NA,‚’m§,KOCHIKEN,33.2869,134.1708,K-NET11A,,
KOC003,ΐ|,AKI,33.5014,133.9068,5.3,NA,‚’m§,KOCHIKEN,33.4980,133.9094,K-NET11A,,
KOC004,•¨•”,MONOBE,33.6975,133.8771,237.0,NA,‚’m§,KOCHIKEN,33.6941,133.8797,K-NET11A,,
KOC005,“y²R“c,TOSAYAMADA,33.5934,133.6921,26.0,NA,‚’m§,KOCHIKEN,33.5900,133.6947,K-NET11A,,
KOC006,“y²,TOSA,33.4945,133.4165,8.0,NA,‚’m§,KOCHIKEN,33.4911,133.4191,K-NET11A,,
KOC007,‚’m,KOCHI,33.5611,133.5271,2.5,NA,‚’m§,KOCHIKEN,33.5577,133.5297,K-NET11A,,
KOC008,–{μ,HONKAWA,33.7758,133.3465,560.0,NA,‚’m§,KOCHIKEN,33.7725,133.3491,K-NET11A,,
KOC009,αμ,AGAWA,33.5742,133.1718,105.0,NA,‚’m§,KOCHIKEN,33.5708,133.1744,K-NET11A,,
KOC010,{θ,SUSAKI,33.3925,133.2896,4.0,NA,‚’m§,KOCHIKEN,33.3891,133.2922,K-NET11A,,
KOC011,΄,YUSUHARA,33.3982,132.8962,500.0,NA,‚’m§,KOCHIKEN,33.3948,132.8987,K-NET11A,,
KOC012,‘ε³,TAISHO,33.1967,132.9758,150.0,NA,‚’m§,KOCHIKEN,33.1933,132.9783,K-NET11A,,
KOC013,²‰κ,SAGA,33.0797,133.1015,3.0,NA,‚’m§,KOCHIKEN,33.0763,133.1041,K-NET11A,,
KOC014,’†‘Ί,NAKAMURA,32.9895,132.9377,4.0,NA,‚’m§,KOCHIKEN,32.9861,132.9402,K-NET11A,,
KOC015,h–Ρ,SUKUMO,32.9370,132.7252,2.2,NA,‚’m§,KOCHIKEN,32.9336,132.7277,K-NET11A,,
KOC016,“y²΄…,TOSASHIMIZU,32.7359,132.9754,125,NA,‚’m§,KOCHIKEN,32.7325,132.9779,K-NET11A,,
KOC017,‘ε–L,OTOYO,33.7844,133.7298,228,NA,‚’m§,KOCHIKEN,33.7811,133.7324,K-NET11A,,
KYT001,’Oγ,TANGO,35.7406,135.1022,11.2,NA,‹“s•{,KYOTOFU,35.7375,135.1050,K-NET11A,,
KYT002,‹v”ό•l,KUMIHAMA,35.6037,134.8941,2.7,NA,‹“s•{,KYOTOFU,35.6005,134.8969,K-NET11A,,
KYT003,Ι,INE,35.6767,135.2919,30.4,NA,‹“s•{,KYOTOFU,35.6736,135.2947,K-NET11A,,
KYT004,‹{’Γ,MIYAZU,35.5354,135.1960,20.0,NA,‹“s•{,KYOTOFU,35.5322,135.1988,K-NET11A,,
KYT005,•‘’ί,MAIZURU,35.4759,135.3891,2.8,NA,‹“s•{,KYOTOFU,35.4727,135.3919,K-NET11A,,
KYT006,•’mR,FUKUCHIYAMA,35.2759,135.1827,72.4,NA,‹“s•{,KYOTOFU,35.2727,135.1855,K-NET11A,,
KYT007,°¶,ASHIU,35.3057,135.7130,401.5,NA,‹“s•{,KYOTOFU,35.3025,135.7158,K-NET11A,,
KYT008,–{―,HONJO,35.2612,135.3966,100.1,NA,‹“s•{,KYOTOFU,35.2580,135.3994,K-NET11A,,
KYT009,“ϊ‹g,HIYOSHI,35.1637,135.5016,156.2,NA,‹“s•{,KYOTOFU,35.1605,135.5044,K-NET11A,,
KYT010,‘ε•z{,OHFUSE,35.2098,135.7738,402.3,NA,‹“s•{,KYOTOFU,35.2066,135.7766,---,‹x~,suspension
KYT011,‹T‰,KAMEOKA,35.0170,135.5638,101.2,NA,‹“s•{,KYOTOFU,35.0138,135.5666,K-NET11A,,
KYT012,‹“s,KYOTO,34.9962,135.8188,89.4,NA,‹“s•{,KYOTOFU,34.9930,135.8216,K-NET11A,,
KYT013,‰F΅,UJI,34.8784,135.8047,82.4,NA,‹“s•{,KYOTOFU,34.8752,135.8075,K-NET11A,,
KYT014,“μRι,MINAMIYAMASHIRO,34.7732,135.9921,68.2,NA,‹“s•{,KYOTOFU,34.7700,135.9950,K-NET11A,,
KYT015,L‰Ν΄,HIROGAWARA,35.2497,135.7667,452.0,NA,‹“s•{,KYOTOFU,35.2465,135.7695,K-NET11A,,
MIE001,“΅΄,FUJIWARA,35.1718,136.4943,128.4,NA,Od§,MIEKEN,35.1686,136.4972,K-NET11A,,
MIE002,Τ–μ,KOMONO,35.0279,136.5073,79.2,NA,Od§,MIEKEN,35.0247,136.5102,K-NET11A,,
MIE003,l“ϊs,YOKKAICHI,34.9704,136.6357,2.0,NA,Od§,MIEKEN,34.9672,136.6386,K-NET11A,,
MIE004,‹TR,KAMEYAMA,34.8569,136.4493,78.6,NA,Od§,MIEKEN,34.8536,136.4522,K-NET11A,,
MIE005,γ–μ,UENO,34.7677,136.1151,134.3,NA,Od§,MIEKEN,34.7644,136.1180,K-NET11A,,
MIE006,’Γ,TSU,34.7178,136.5039,3.4,NA,Od§,MIEKEN,34.7145,136.5068,K-NET11A,,
MIE007,”’R,HAKUSAN,34.6435,136.3365,52.2,NA,Od§,MIEKEN,34.6402,136.3394,K-NET11A,,
MIE008,–Ό’£,NABARI,34.6285,136.1073,221.4,NA,Od§,MIEKEN,34.6252,136.1102,K-NET11A,,
MIE009,Όγ,MATSUZAKA,34.5752,136.5296,32.0,NA,Od§,MIEKEN,34.5719,136.5325,K-NET11A,,
MIE010,Ι¨,ISE,34.4908,136.7334,18.7,NA,Od§,MIEKEN,34.4875,136.7363,K-NET11A,,
MIE011,”Ρ‚,IITAKA,34.4283,136.3329,142.6,NA,Od§,MIEKEN,34.4250,136.3358,K-NET11A,,
MIE012,u–€,SHIMA,34.2544,136.8232,7.7,NA,Od§,MIEKEN,34.2511,136.8261,K-NET11A,,
MIE013,“μ“‡,NANTO,34.2777,136.4996,1.8,NA,Od§,MIEKEN,34.2744,136.5025,K-NET11A,,
MIE014,”φh,OWASE,34.0638,136.1687,85.2,NA,Od§,MIEKEN,34.0605,136.1716,K-NET11A,,
MIE015,F–μ,KUMANO,33.8783,136.0822,6.2,NA,Od§,MIEKEN,33.8750,136.0850,K-NET11A,,
MIE016,‹Ia,KIWA,33.8764,135.9188,62.8,NA,Od§,MIEKEN,33.8730,135.9216,K-NET11A,,
MIE017,‹{μ,MIYAKAWA,34.3624,136.3348,118.3,NA,Od§,MIEKEN,34.3591,136.3377,K-NET11A,,
MIE018,’ΦΆ,TSUBAISO,34.8702,136.4546,183.0,NA,Od§,MIEKEN,34.8670,136.4575,K-NET11A,,
MYG001,‹Cεΐ,KESENNUMA,38.9015,141.5684,48.0,NA,‹{ι§,MIYAGIKEN,38.8986,141.5719,K-NET11,,
MYG002,‰Μ’Γ,UTATSU,38.7262,141.5109,79.0,NA,‹{ι§,MIYAGIKEN,38.7233,141.5144,K-NET02,,
MYG003,“a,TOWA,38.7348,141.3106,28.0,NA,‹{ι§,MIYAGIKEN,38.7319,141.3141,K-NET11,,
MYG004,’zΩ,TSUKIDATE,38.7324,141.0271,38,NA,‹{ι§,MIYAGIKEN,38.7295,141.0306,K-NET11,,
MYG005,–Βq,NARUKO,38.7992,140.6507,300.0,NA,‹{ι§,MIYAGIKEN,38.7963,140.6541,K-NET02,,
MYG006,Γμ,FURUKAWA,38.5801,140.9654,20.0,NA,‹{ι§,MIYAGIKEN,38.5772,140.9688,K-NET11,,
MYG007,–L—Ά,TOYOSATO,38.5876,141.2510,5.0,NA,‹{ι§,MIYAGIKEN,38.5847,141.2545,K-NET11,,
MYG008,–kγ,KITAKAMI,38.5676,141.4266,26,NA,‹{ι§,MIYAGIKEN,38.5647,141.4301,K-NET11,,
MYG009,‘εa,TAIWA,38.4466,140.8874,25.0,NA,‹{ι§,MIYAGIKEN,38.4436,140.8908,K-NET11,,
MYG010,Ξ,ISHINOMAKI,38.4292,141.2818,2,NA,‹{ι§,MIYAGIKEN,38.4262,141.2853,K-NET11,,
MYG011,‰²­,OSHIKA,38.3052,141.5044,13.2,NA,‹{ι§,MIYAGIKEN,38.3022,141.5079,K-NET11,,
MYG012,‰–β},SHIOGAMA,38.3175,141.0193,1.7,NA,‹{ι§,MIYAGIKEN,38.3145,141.0227,K-NET11,,
MYG013,ε‘δ,SENDAI,38.2663,140.9293,5.0,NA,‹{ι§,MIYAGIKEN,38.2633,140.9327,K-NET11,,
MYG014,μ•ΐ,SAKUNAMI,38.3177,140.6357,245.0,NA,‹{ι§,MIYAGIKEN,38.3147,140.6391,K-NET11,,
MYG015,βΐ,IWANUMA,38.1049,140.8699,3.0,NA,‹{ι§,MIYAGIKEN,38.1019,140.8733,K-NET11,,
MYG016,”’Ξ,SHIROISHI,38.0085,140.6210,50.0,NA,‹{ι§,MIYAGIKEN,38.0055,140.6244,K-NET11,,
MYG017,p“c,KAKUDA,37.9763,140.7818,35.0,NA,‹{ι§,MIYAGIKEN,37.9733,140.7852,K-NET11,,
MYG018,Ι—Ά‘O,ISATOMAE,38.7194,141.5228,24,NA,‹{ι§,MIYAGIKEN,38.7165,141.5263,K-NET11,,
MYG019,–Βq‰·ς,NARUKOONSEN,38.7508,140.7246,144,NA,‹{ι§,MIYAGIKEN,38.7479,140.7280,K-NET11,,
MYZ001,‚η•δ,TAKACHIHO,32.7050,131.3089,370.0,NA,‹{θ§,MIYAZAKIKEN,32.7016,131.3113,K-NET11A,,
MYZ002,–kμ,KITAGAWA,32.6978,131.6831,19.0,NA,‹{θ§,MIYAZAKIKEN,32.6944,131.6855,K-NET11A,,
MYZ003,‰„‰,NOBEOKA,32.5659,131.6598,7.0,NA,‹{θ§,MIYAZAKIKEN,32.5625,131.6622,K-NET11A,,
MYZ004,“μ‹½,NANGO,32.3889,131.3339,298.0,NA,‹{θ§,MIYAZAKIKEN,32.3855,131.3363,K-NET11A,,
MYZ005,“ϊό,HYUGA,32.4281,131.6003,22.0,NA,‹{θ§,MIYAZAKIKEN,32.4247,131.6027,K-NET11A,,
MYZ006,“s”_,TSUNO,32.2565,131.5609,22.0,NA,‹{θ§,MIYAZAKIKEN,32.2530,131.5633,K-NET11A,,
MYZ007,Ό•Δ—Η,NISHIMERA,32.2353,131.1158,305.0,NA,‹{θ§,MIYAZAKIKEN,32.2319,131.1182,K-NET11A,,
MYZ008,Ό“s,SAITO,32.1060,131.3928,65.0,NA,‹{θ§,MIYAZAKIKEN,32.1025,131.3952,K-NET11A,,
MYZ009,‚¦‚Ρ‚Μ,EBINO,32.0461,130.8110,230.0,NA,‹{θ§,MIYAZAKIKEN,32.0427,130.8133,K-NET11A,,
MYZ010,¬—Ρ,KOBAYASHI,31.9968,130.9721,207.0,NA,‹{θ§,MIYAZAKIKEN,31.9933,130.9744,K-NET11A,,
MYZ011,»,AYA,31.9951,131.2557,25.9,NA,‹{θ§,MIYAZAKIKEN,31.9916,131.2580,K-NET11A,,
MYZ012,‚θ,TAKASAKI,31.8723,131.0685,149.4,NA,‹{θ§,MIYAZAKIKEN,31.8688,131.0708,K-NET11A,,
MYZ013,‹{θ,MIYAZAKI,31.9087,131.4187,5.0,NA,‹{θ§,MIYAZAKIKEN,31.9052,131.4211,K-NET11A,,
MYZ014,“c–μ,TANO,31.8454,131.3026,135.3,NA,‹{θ§,MIYAZAKIKEN,31.8419,131.3050,K-NET11A,,
MYZ015,“sι,MIYAKONOJO,31.7185,131.0621,159.1,NA,‹{θ§,MIYAZAKIKEN,31.7150,131.0644,K-NET11A,,
MYZ016,“ϊ“μ,NICHINAN,31.6129,131.3743,8.7,NA,‹{θ§,MIYAZAKIKEN,31.6094,131.3766,K-NET11A,,
MYZ017,‹ψΤ,KUSHIMA,31.4637,131.2277,6.0,NA,‹{θ§,MIYAZAKIKEN,31.4602,131.2300,K-NET11A,,
MYZ018,“sδ–¦,TOIMISAKI,31.3985,131.3052,11.5,NA,‹{θ§,MIYAZAKIKEN,31.3950,131.3075,K-NET11A,,
MYZ019,–k‹½,KITAGO,32.5006,131.4444,141.0,NA,‹{θ§,MIYAZAKIKEN,32.4972,131.4468,K-NET11A,,
MYZ020,’Ε—t,SHIIBA,32.4550,131.1470,612.0,NA,‹{θ§,MIYAZAKIKEN,32.4516,131.1494,K-NET11A,,
NAR001,¶‹ξ,IKOMA,34.7154,135.7272,150.0,NA,“ή—Η§,NARAKEN,34.7122,135.7300,K-NET11A,,
NAR002,“ή—Η,NARA,34.6683,135.8352,90.0,NA,“ή—Η§,NARAKEN,34.6650,135.8380,K-NET11A,,
NAR003,‘εa‚“c,YAMATOTAKADA,34.5169,135.7191,68.0,NA,“ή—Η§,NARAKEN,34.5136,135.7219,K-NET11A,,
NAR004,Y΄,HAIBARA,34.5280,135.9512,311.0,NA,“ή—Η§,NARAKEN,34.5247,135.9540,K-NET11A,,
NAR005,ά,GOJO,34.3408,135.6883,105.0,NA,“ή—Η§,NARAKEN,34.3375,135.6911,K-NET11A,,
NAR006,μγ,KAWAKAMI,34.3383,135.9541,330.0,NA,“ή—Η§,NARAKEN,34.3350,135.9569,K-NET11A,,
NAR007,‘ε“ƒ,OHTO,34.2213,135.7369,760.0,NA,“ή—Η§,NARAKEN,34.2180,135.7397,K-NET11A,,
NAR008,γ–kR,KAMIKITAYAMA,34.1352,136.0046,330.0,NA,“ή—Η§,NARAKEN,34.1319,136.0075,K-NET11A,,
NAR009,\’Γμ,TOTSUKAWA,33.9380,135.7552,200.0,NA,“ή—Η§,NARAKEN,33.9347,135.7580,K-NET11A,,
NGN001,”ΡR,IIYAMA,36.8514,138.3660,315.2,NA,’·–μ§,NAGANOKEN,36.8483,138.3691,K-NET11A,,
NGN002,M”Z,SHINANO,36.8069,138.2069,685.6,NA,’·–μ§,NAGANOKEN,36.8038,138.2100,K-NET11A,,
NGN003,Rƒm“ΰ,YAMANOUCHI,36.7403,138.4129,581.0,NA,’·–μ§,NAGANOKEN,36.7372,138.4161,K-NET11A,,
NGN004,’·–μ,NAGANO,36.6486,138.1938,359.7,NA,’·–μ§,NAGANOKEN,36.6455,138.1969,K-NET11A,,
NGN005,”’”n,HAKUBA,36.6981,137.8544,699.8,NA,’·–μ§,NAGANOKEN,36.6950,137.8575,K-NET11A,,
NGN006,‘ε’¬,OHMACHI,36.5086,137.8507,733.0,NA,’·–μ§,NAGANOKEN,36.5055,137.8538,K-NET11A,,
NGN007,Y£‰Ί,KUISEKE,36.5339,138.1191,361.1,NA,’·–μ§,NAGANOKEN,36.5308,138.1222,K-NET11A,,
NGN008,γ“c,UEDA,36.4022,138.2491,482.1,NA,’·–μ§,NAGANOKEN,36.3991,138.2522,K-NET11A,,
NGN009,•δ‚,HOTAKA,36.3378,137.8694,567.1,NA,’·–μ§,NAGANOKEN,36.3347,137.8725,K-NET11A,,
NGN010,¬”,KOMORO,36.3281,138.4357,740.5,NA,’·–μ§,NAGANOKEN,36.3250,138.4388,K-NET11A,,
NGN011,’·–ε,NAGATO,36.2564,138.2669,678.2,NA,’·–μ§,NAGANOKEN,36.2533,138.2700,K-NET11A,,
NGN012,Ό–{,MATSUMOTO,36.2564,137.9785,640.6,NA,’·–μ§,NAGANOKEN,36.2533,137.9816,K-NET11A,,
NGN013,ΐ“ά,AZUMI,36.1833,137.7852,730.0,NA,’·–μ§,NAGANOKEN,36.1802,137.7883,K-NET11A,,
NGN014,¬C,KOUMI,36.0956,138.4844,857.0,NA,’·–μ§,NAGANOKEN,36.0924,138.4875,K-NET11A,,
NGN015,z–K,SUWA,36.0454,138.1116,761.2,NA,’·–μ§,NAGANOKEN,36.0422,138.1147,K-NET11A,,
NGN016,•xm©,FUJIMI,35.9133,138.2229,985.0,NA,’·–μ§,NAGANOKEN,35.9101,138.2260,K-NET11A,,
NGN017,“θμ,NARAKAWA,35.9748,137.8255,926.8,NA,’·–μ§,NAGANOKEN,35.9716,137.8286,K-NET11A,,
NGN018,‰¤‘κ,OTAKI,35.8132,137.5295,1050.0,NA,’·–μ§,NAGANOKEN,35.8100,137.5325,K-NET11A,,
NGN019,–Ψ‘]•“‡,KISOFUKUSHIMA,35.8562,137.7078,788.0,NA,’·–μ§,NAGANOKEN,35.8530,137.7108,K-NET11A,,
NGN020,Ι“ί,INA,35.8282,137.9532,636.2,NA,’·–μ§,NAGANOKEN,35.8250,137.9563,K-NET11A,,
NGN021,‹ξƒ–,KOMAGANE,35.7304,137.9341,679.2,NA,’·–μ§,NAGANOKEN,35.7272,137.9372,K-NET11A,,
NGN022,“μ–Ψ‘],NAGISO,35.6079,137.6125,451.0,NA,’·–μ§,NAGANOKEN,35.6047,137.6155,K-NET11A,,
NGN023,‘ε­,OHSHIKA,35.5787,138.0338,674.1,NA,’·–μ§,NAGANOKEN,35.5755,138.0369,K-NET11A,,
NGN024,”Ρ“c,IIDA,35.5232,137.8374,538.5,NA,’·–μ§,NAGANOKEN,35.5200,137.8405,K-NET11A,,
NGN025,“V—΄,TENRYU,35.2807,137.8567,400.2,NA,’·–μ§,NAGANOKEN,35.2775,137.8597,K-NET11A,,
NGS001,•½Λ,HIRADO,33.3616,129.5383,135.0,NA,’·θ§,NAGASAKIKEN,33.3583,129.5405,K-NET02,,
NGS002,Ό‰Y,MATSUURA,33.3444,129.7054,2.5,NA,’·θ§,NAGASAKIKEN,33.3411,129.7077,K-NET02,,
NGS003,uXκ,SHIJIKI,33.2016,129.4128,22.5,NA,’·θ§,NAGASAKIKEN,33.1983,129.4150,K-NET02,,
NGS004,²Ά•Ϋ,SASEBO,33.1808,129.7177,23.4,NA,’·θ§,NAGASAKIKEN,33.1775,129.7200,K-NET02,,
NGS005,“”ή‹n,HIGASHISONOGI,33.0371,129.9171,3.0,NA,’·θ§,NAGASAKIKEN,33.0338,129.9194,K-NET02,,
NGS006,‘ε£Λ,OHSETO,32.9327,129.6428,24.4,NA,’·θ§,NAGASAKIKEN,32.9294,129.6450,K-NET02,,
NGS007,‹ΥC,KINKAI,32.9061,129.7802,5.4,NA,’·θ§,NAGASAKIKEN,32.9027,129.7825,K-NET02,,
NGS008,¬’·δ,KONAGAI,32.9231,130.1843,6.4,NA,’·θ§,NAGASAKIKEN,32.9197,130.1866,K-NET02,,
NGS009,ζ|‘,ISAHAYA,32.8456,130.0218,23.2,NA,’·θ§,NAGASAKIKEN,32.8422,130.0241,K-NET02,,
NGS010,’·θ,NAGASAKI,32.7353,129.8763,77.2,NA,’·θ§,NAGASAKIKEN,32.7319,129.8786,K-NET02,,
NGS011,ηXΞ,CHIJIWA,32.7839,130.2024,34.0,NA,’·θ§,NAGASAKIKEN,32.7805,130.2047,K-NET02,,
NGS012,“‡΄,SHIMABARA,32.7884,130.3463,99.1,NA,’·θ§,NAGASAKIKEN,32.7850,130.3486,K-NET02,,
NGS013,–μ•κθ,NOMOZAKI,32.5811,129.7596,3.1,NA,’·θ§,NAGASAKIKEN,32.5777,129.7619,K-NET02,,
NGS014,ϋ”V’Γ,KUCHINOTSU,32.6106,130.1849,2.6,NA,’·θ§,NAGASAKIKEN,32.6072,130.1872,K-NET02,,
NGS015,‰F‹v,UKU,33.2558,129.1255,58.1,NA,’·θ§,NAGASAKIKEN,33.2525,129.1277,K-NET02,,
NGS016,αΌ,WAKAMATSU,32.8880,129.0211,4.1,NA,’·θ§,NAGASAKIKEN,32.8847,129.0233,K-NET02,,
NGS017,•],FUKUE,32.6658,128.8433,127.0,NA,’·θ§,NAGASAKIKEN,32.6625,128.8455,K-NET02,,
NGS018,‹Κ”V‰Y,TAMANOURA,32.6341,128.6194,5.9,NA,’·θ§,NAGASAKIKEN,32.6308,128.6216,K-NET02,,
NGS019,‘ε‘Ί,OHMURA,32.9002,129.9582,2.1,NA,’·θ§,NAGASAKIKEN,32.8969,129.9605,K-NET02,,
NGS020,γ‘Ξ”n,KAMITSUSHIMA,34.6609,129.4594,10.0,NA,’·θ§ ‘Ξ”nx’΅,NAGASAKIKEN,34.6577,129.4617,K-NET02,,
NGS021,–L‹Κ,TOYOTAMA,34.3973,129.3240,17.3,NA,’·θ§ ‘Ξ”nx’΅,NAGASAKIKEN,34.3941,129.3263,K-NET02,,
NGS022,‘•,KOKUBU,34.2029,129.2868,4.9,NA,’·θ§ ‘Ξ”nx’΅,NAGASAKIKEN,34.1997,129.2891,K-NET02,,
NGS023,‹½ƒm‰Y,GONOURA,33.7502,129.6899,30.4,NA,’·θ§,NAGASAKIKEN,33.7469,129.6922,K-NET02,,
NIG001,β’Jϋ,IWAYAGUCHI,38.2584,138.4337,6.5,NA,Vƒ§,NIIGATAKEN,38.2555,138.4369,K-NET11A,,
NIG002,—Ό’Γ,RYOTSU,38.0745,138.4398,0.6,NA,Vƒ§,NIIGATAKEN,38.0716,138.4430,K-NET11A,,
NIG003,²a“c,SAWATA,37.9976,138.3226,3.8,NA,Vƒ§,NIIGATAKEN,37.9947,138.3258,K-NET11A,,
NIG004,¬–Ψ,OGI,37.8205,138.2795,40.0,NA,Vƒ§,NIIGATAKEN,37.8175,138.2827,K-NET11A,,
NIG005,Όƒ–θ,MATSUGASAKI,37.9204,138.4981,3.5,NA,Vƒ§,NIIGATAKEN,37.9175,138.5013,K-NET11A,,
NIG006,¦μ,KANGAWA,38.4501,139.4961,6.1,NA,Vƒ§,NIIGATAKEN,38.4472,139.4994,K-NET11A,,
NIG007,‘Ίγ,MURAKAMI,38.2301,139.4864,8.2,NA,Vƒ§,NIIGATAKEN,38.2272,139.4897,K-NET11A,,
NIG008,’†π,NAKAJO,38.0530,139.4055,22.5,NA,Vƒ§,NIIGATAKEN,38.0500,139.4088,K-NET11A,,
NIG009,V”­“c,SHIBATA,37.9507,139.3375,10.9,NA,Vƒ§,NIIGATAKEN,37.9477,139.3408,K-NET11A,,
NIG010,Vƒ,NIIGATA,37.9146,139.0108,6.0,NA,Vƒ§,NIIGATAKEN,37.9116,139.0140,K-NET02,,
NIG011,V’Γ,NIITSU,37.8013,139.1442,6.9,NA,Vƒ§,NIIGATAKEN,37.7983,139.1475,K-NET02,,
NIG012,­£,KANOSE,37.6863,139.4772,68.0,NA,Vƒ§,NIIGATAKEN,37.6833,139.4805,K-NET11B,,
NIG013,,MAKI,37.7638,138.8834,6.8,NA,Vƒ§,NIIGATAKEN,37.7608,138.8866,K-NET02,,
NIG014,Oπ,SANJO,37.6410,138.9559,9.0,NA,Vƒ§,NIIGATAKEN,37.6380,138.9591,K-NET02,,
NIG015,‘ΊΌ,MURAMATSU,37.6935,139.1886,34.0,NA,Vƒ§,NIIGATAKEN,37.6905,139.1919,K-NET02,,
NIG016,›”‘,TERADOMARI,37.6421,138.7676,32.0,NA,Vƒ§,NIIGATAKEN,37.6391,138.7708,K-NET02,,
NIG017,’·‰,NAGAOKA,37.4416,138.8431,22.1,NA,Vƒ§,NIIGATAKEN,37.4386,138.8463,K-NET02,,
NIG018,”θ,KASHIWAZAKI,37.3724,138.5579,10.0,NA,Vƒ§,NIIGATAKEN,37.3694,138.5611,K-NET02,,
NIG019,¬η’J,OJIYA,37.3043,138.8121,60.0,NA,Vƒ§,NIIGATAKEN,37.3013,138.8153,K-NET02,,
NIG020,¬o,KOIDE,37.2332,138.9620,93.1,NA,Vƒ§,NIIGATAKEN,37.2302,138.9652,K-NET02,,
NIG021,\“ϊ’¬,TOKAMACHI,37.2012,138.7782,115.0,NA,Vƒ§,NIIGATAKEN,37.1982,138.7814,K-NET02,,
NIG022,‰–‘ς,SHIOZAWA,37.0364,138.8462,182.0,NA,Vƒ§,NIIGATAKEN,37.0333,138.8494,K-NET02,,
NIG023,’Γ“μ,TSUNAN,37.0147,138.6529,241.0,NA,Vƒ§,NIIGATAKEN,37.0116,138.6561,K-NET02,,
NIG024,ΐ’Λ,YASUZUKA,37.1268,138.4440,80.0,NA,Vƒ§,NIIGATAKEN,37.1238,138.4472,K-NET02,,
NIG025,’Ό]’Γ,NAOETSU,37.1607,138.2235,10.9,NA,Vƒ§,NIIGATAKEN,37.1577,138.2266,K-NET02,,
NIG026,Vδ,ARAI,37.0228,138.2507,69.5,NA,Vƒ§,NIIGATAKEN,37.0197,138.2538,K-NET11B,,
NIG027,…‹›μ,ITOIGAWA,37.0235,137.8624,106.0,NA,Vƒ§,NIIGATAKEN,37.0205,137.8655,K-NET11B,,
NIG028,’·‰x,NAGAOKA-SHISHO,37.4261,138.8862,NA,NA,Vƒ§,NIIGATAKEN,37.4231,138.8894,K-NET02,,
OIT001,‘©,KUNIMI,33.6783,131.5936,11.9,NA,‘ε•§,OITAKEN,33.6750,131.5960,K-NET11A,,
OIT002,’†’Γ,NAKATSU,33.5685,131.2678,8.6,NA,‘ε•§,OITAKEN,33.5652,131.2702,K-NET11A,,
OIT003,–Lγ‚“c,BUNGOTAKADA,33.5575,131.4461,9.0,NA,‘ε•§,OITAKEN,33.5542,131.4485,K-NET11A,,
OIT004,‘“,KUNISAKI,33.5666,131.7378,7.4,NA,‘ε•§,OITAKEN,33.5633,131.7402,K-NET11A,,
OIT005,–λ”nk,YABAKEI,33.4549,131.1142,113.0,NA,‘ε•§,OITAKEN,33.4516,131.1166,K-NET11A,,
OIT006,‰@“ΰ,INNAI,33.4244,131.3148,88.0,NA,‘ε•§,OITAKEN,33.4211,131.3172,K-NET11A,,
OIT007,‹n’z,KITSUKI,33.4169,131.6142,22,NA,‘ε•§,OITAKEN,33.4136,131.6166,K-NET11A,,
OIT008,“V£,AMAGASE,33.2555,131.0203,200.0,NA,‘ε•§,OITAKEN,33.2522,131.0227,K-NET11A,,
OIT009,“’•z‰@,YUFUIN,33.2569,131.3439,458.3,NA,‘ε•§,OITAKEN,33.2536,131.3463,K-NET11A,,
OIT010,‘ε•,OHITA,33.2317,131.5934,7,NA,‘ε•§,OITAKEN,33.2284,131.5958,K-NET11A,,
OIT011,²‰κΦ,SAGANOSEKI,33.2461,131.8811,7.0,NA,‘ε•§,OITAKEN,33.2427,131.8836,K-NET11A,,
OIT012,’Ό“ό,NAOIRI,33.0664,131.3734,461.0,NA,‘ε•§,OITAKEN,33.0630,131.3758,K-NET11A,,
OIT013,Ά”,INUKAI,33.0726,131.5934,82.0,NA,‘ε•§,OITAKEN,33.0692,131.5958,K-NET11A,,
OIT014,’Γ‹v©,TSUKUMI,33.0656,131.8589,8.0,NA,‘ε•§,OITAKEN,33.0622,131.8613,K-NET11A,,
OIT015,’|“c,TAKEDA,32.9722,131.3970,260.0,NA,‘ε•§,OITAKEN,32.9688,131.3994,K-NET11A,,
OIT016,²”,SAIKI,32.9747,131.9028,1.0,NA,‘ε•§,OITAKEN,32.9713,131.9052,K-NET11A,,
OIT017,‰F–Ϊ,UME,32.8578,131.6587,250.0,NA,‘ε•§,OITAKEN,32.8544,131.6611,K-NET11A,,
OIT018,—],KAMAE,32.7972,131.9251,10.0,NA,‘ε•§,OITAKEN,32.7938,131.9275,K-NET11A,,
OKN001,‘“,KUNIGAMI,26.7402,128.1736,7.0,NA,‰«“κ§,OKINAWAKEN,26.7363,128.1755,K-NET02,,
OKN002,–Όμ,NAGO,26.5916,127.9767,3.0,NA,‰«“κ§,OKINAWAKEN,26.5877,127.9786,K-NET02,,
OKN003,‹οuμ,GUSHIKAWA,26.3800,127.8572,10.0,NA,‰«“κ§,OKINAWAKEN,26.3761,127.8591,K-NET02,,
OKN004,“ί”e,NAHA,26.2497,127.6786,3.5,NA,‰«“κ§,OKINAWAKEN,26.2458,127.6805,K-NET02,,
OKN005,’m”O,CHINEN,26.1686,127.8267,73.3,NA,‰«“κ§,OKINAWAKEN,26.1647,127.8286,K-NET02,,
OKN006,‹v•Δ“‡,KUMEJIMA,26.3497,126.7479,30.0,NA,‰«“κ§,OKINAWAKEN,26.3458,126.7497,K-NET02,,
OKN007,λ–“,KARIMATA,24.8530,125.2964,14.0,NA,‰«“κ§,OKINAWAKEN,24.8494,125.2975,K-NET02,,
OKN008,ι•Σ,GUSUKUBE,24.7558,125.3864,70.0,NA,‰«“κ§,OKINAWAKEN,24.7522,125.3875,K-NET02,,
OKN009,V‰h,SHINEI,24.3413,124.1526,3.0,NA,‰«“κ§,OKINAWAKEN,24.3358,124.1522,K-NET02,,
OKN010,Ι΄Τ,IBARUMA,24.5088,124.2820,10.0,NA,‰«“κ§,OKINAWAKEN,24.5033,124.2816,K-NET02,,
OKN011,γ΄,UEBARU,24.4324,123.7798,20.0,NA,‰«“κ§,OKINAWAKEN,24.4283,123.7813,K-NET02,,
OKY001,“’΄,YUBARA,35.1702,133.7311,316,NA,‰R§,OKAYAMAKEN,35.1670,133.7338,K-NET11A,,
OKY002,‰Α–Ξ,KAMO,35.1787,134.0500,229.0,NA,‰R§,OKAYAMAKEN,35.1755,134.0527,K-NET11A,,
OKY003,ΌΎ‘q,NISHIAWAKURA,35.1737,134.3386,323.0,NA,‰R§,OKAYAMAKEN,35.1705,134.3413,K-NET11A,,
OKY004,V©,NIIMI,34.9579,133.5018,167.5,NA,‰R§,OKAYAMAKEN,34.9547,133.5044,K-NET11A,,
OKY005,—‡,OCHIAI,35.0098,133.7317,133.9,NA,‰R§,OKAYAMAKEN,35.0066,133.7344,K-NET11A,,
OKY006,’ΓR,TSUYAMA,35.0684,134.0050,98.0,NA,‰R§,OKAYAMAKEN,35.0652,134.0077,K-NET11A,,
OKY007,‚—ΐ,TAKAHASHI,34.7807,133.6121,59.9,NA,‰R§,OKAYAMAKEN,34.7775,133.6147,K-NET11A,,
OKY008,•”,TAKEBE,34.8701,133.9036,62.3,NA,‰R§,OKAYAMAKEN,34.8669,133.9063,K-NET11A,,
OKY009,‹gδ,YOSHII,34.9176,134.0923,48.0,NA,‰R§,OKAYAMAKEN,34.9144,134.0950,K-NET11A,,
OKY010,”υ‘O,BIZEN,34.7454,134.1884,1.9,NA,‰R§,OKAYAMAKEN,34.7422,134.1911,K-NET11A,,
OKY011,‰R,OKAYAMA,34.6540,133.9067,2.4,NA,‰R§,OKAYAMAKEN,34.6508,133.9094,K-NET11A,,
OKY012,‘q•~,KURASHIKI,34.5893,133.7545,2.6,NA,‰R§,OKAYAMAKEN,34.5861,133.7572,K-NET11A,,
OKY013,}‰,KASAOKA,34.5095,133.5099,5.5,NA,‰R§,OKAYAMAKEN,34.5063,133.5125,K-NET11A,,
OKY014,‰Ί’Γδ,SHIMOTSUI,34.4462,133.7876,49.0,NA,‰R§,OKAYAMAKEN,34.4430,133.7902,K-NET11A,,
OKY015,γΦ΄,KAMISAIBARA,35.2793,133.9256,475.0,NA,‰R§,OKAYAMAKEN,35.2761,133.9283,K-NET11A,,
OSK001,”\¨,NOSE,34.9707,135.3900,223.8,NA,‘εγ•{,OSAKAFU,34.9675,135.3928,K-NET11A,,
OSK002,‚’Ξ,TAKATSUKI,34.8573,135.5958,34.4,NA,‘εγ•{,OSAKAFU,34.8541,135.5986,K-NET11A,,
OSK003,–L’†,TOYONAKA,34.7668,135.4683,5.1,NA,‘εγ•{,OSAKAFU,34.7636,135.4711,K-NET11A,,
OSK004,l“λ,SHIJONAWATE,34.7405,135.6394,14.6,NA,‘εγ•{,OSAKAFU,34.7372,135.6422,K-NET11A,,
OSK005,‘εγ,OHSAKA,34.7255,135.5099,3.9,NA,‘εγ•{,OSAKAFU,34.7222,135.5127,K-NET11A,,
OSK006,δ,SAKAI,34.5894,135.4710,2.7,NA,‘εγ•{,OSAKAFU,34.5861,135.4738,K-NET11A,,
OSK007,‰H‰g–μ,HABIKINO,34.5577,135.6058,29.4,NA,‘εγ•{,OSAKAFU,34.5544,135.6086,K-NET11A,,
OSK008,έa“c,KISHIWADA,34.4402,135.3917,10.0,NA,‘εγ•{,OSAKAFU,34.4369,135.3945,K-NET11A,,
OSK009,‰Ν“ΰ’·–μ,KAWACHINAGANO,34.4366,135.5816,209.2,NA,‘εγ•{,OSAKAFU,34.4333,135.5844,K-NET11A,,
OSK010,ς“μ,SENNAN,34.3755,135.2549,3.2,NA,‘εγ•{,OSAKAFU,34.3722,135.2577,K-NET11A,,
SAG001,’ΑΌ,CHINZEI,33.5274,129.8771,49.0,NA,²‰κ§,SAGAKEN,33.5241,129.8794,K-NET02,,
SAG002,“‚’Γ,KARATSU,33.4247,129.9195,205.0,NA,²‰κ§,SAGAKEN,33.4214,129.9218,K-NET02,,
SAG003,•xm,FUJI,33.3730,130.2074,191.0,NA,²‰κ§,SAGAKEN,33.3697,130.2097,K-NET02,,
SAG004,Ι–—Ά,IMARI,33.2646,129.8813,32.0,NA,²‰κ§,SAGAKEN,33.2613,129.8836,K-NET02,,
SAG005,µ–Ψ,KYURAGI,33.3213,130.0643,48.3,NA,²‰κ§,SAGAKEN,33.3180,130.0666,K-NET02,,
SAG006,•—Y,TAKEO,33.1916,130.0340,8.0,NA,²‰κ§,SAGAKEN,33.1883,130.0363,K-NET02,,
SAG007,²‰κ,SAGA,33.2627,130.3004,4.2,NA,²‰κ§,SAGAKEN,33.2594,130.3027,K-NET02,,
SAG008,­“‡,KASHIMA,33.1038,130.0996,7.4,NA,²‰κ§,SAGAKEN,33.1005,130.1019,K-NET02,,
SIG001,—]ΰ,YOGO,35.5398,136.2065,141.1,NA, ‰κ§,SHIGAKEN,35.5366,136.2094,K-NET11A,,
SIG002,΅’Γ,IMAZU,35.4215,136.0243,95.0,NA, ‰κ§,SHIGAKEN,35.4183,136.0272,K-NET11A,,
SIG003,’·•l,NAGAHAMA,35.3770,136.2640,86.3,NA, ‰κ§,SHIGAKEN,35.3738,136.2669,K-NET11A,,
SIG004,‹€–Ψ,KUTSUKI,35.3476,135.9184,186.7,NA, ‰κ§,SHIGAKEN,35.3444,135.9213,K-NET11A,,
SIG005,•F,HIKONE,35.2493,136.2421,92.8,NA, ‰κ§,SHIGAKEN,35.2461,136.2450,K-NET11A,,
SIG006,u‰κ,SHIGA,35.2001,135.9210,106.5,NA, ‰κ§,SHIGAKEN,35.1969,135.9238,K-NET11A,,
SIG007,‹ί]””¦,OMIHACHIMAN,35.1339,136.0957,90.0,NA, ‰κ§,SHIGAKEN,35.1307,136.0986,K-NET11A,,
SIG008,‰iΉ›,EIGENJI,35.0701,136.2946,217.9,NA, ‰κ§,SHIGAKEN,35.0669,136.2975,K-NET11A,,
SIG009,bΌ,KOSEI,35.0051,136.0854,135.6,NA, ‰κ§,SHIGAKEN,35.0019,136.0883,K-NET11A,,
SIG010,‘ε’Γ,OHTSU,34.9718,135.8965,109.9,NA, ‰κ§,SHIGAKEN,34.9686,135.8994,K-NET11A,,
SIG011,My,SHIGARAKI,34.8779,136.0587,283.4,NA, ‰κ§,SHIGAKEN,34.8747,136.0616,K-NET11A,,
SIG012,b‰κ,KOGA,34.9043,136.2307,230.4,NA, ‰κ§,SHIGAKEN,34.9011,136.2336,K-NET11A,,
SIT001,–{―,HONJO,36.2428,139.1937,46.5,NA,ι‹Κ§,SAITAMAKEN,36.2397,139.1969,K-NET11A,,
SIT002,F’J,KUMAGAYA,36.1476,139.3884,28.5,NA,ι‹Κ§,SAITAMAKEN,36.1444,139.3916,K-NET11A,,
SIT003,‹vμ,KUKI,36.0720,139.6968,8.6,NA,ι‹Κ§,SAITAMAKEN,36.0688,139.7000,K-NET11A,,
SIT004,’·“,NAGATORO,36.1179,139.1045,139.5,NA,ι‹Κ§,SAITAMAKEN,36.1147,139.1077,K-NET11A,,
SIT005,¬μ,OGAWA,36.0562,139.2626,90.3,NA,ι‹Κ§,SAITAMAKEN,36.0530,139.2658,K-NET11A,,
SIT006,’•ƒ,CHICHIBU,35.9954,139.0709,206.9,NA,ι‹Κ§,SAITAMAKEN,35.9922,139.0741,K-NET11A,,
SIT007,“ΌR,HIGASHIMATSUYAMA,36.0540,139.3912,25.1,NA,ι‹Κ§,SAITAMAKEN,36.0508,139.3944,K-NET11A,,
SIT008,t“ϊ•”,KASUKABE,35.9829,139.7456,7,NA,ι‹Κ§,SAITAMAKEN,35.9797,139.7488,K-NET11A,,
SIT009,μ‰z,KAWAGOE,35.9034,139.4826,21.0,NA,ι‹Κ§,SAITAMAKEN,35.9002,139.4858,K-NET11A,,
SIT010,‘ε‹{,OHMIYA,35.9065,139.6481,12.8,NA,ι‹Κ§,SAITAMAKEN,35.9033,139.6513,K-NET11A,,
SIT011,μϋ,KAWAGUCHI,35.8098,139.7212,2.5,NA,ι‹Κ§,SAITAMAKEN,35.8066,139.7244,K-NET11A,,
SIT012,”Ρ”\,HANNO,35.8401,139.3215,86.1,NA,ι‹Κ§,SAITAMAKEN,35.8369,139.3247,K-NET11A,,
SIT013,‘ς,TOKOROZAWA,35.7965,139.4659,76.5,NA,ι‹Κ§,SAITAMAKEN,35.7933,139.4691,K-NET11A,,
SIT014,’†’Γμ,NAKATSUGAWA,35.9954,138.8010,748.5,NA,ι‹Κ§,SAITAMAKEN,35.9922,138.8041,K-NET11A,,
SMN001,”ό•ΫΦ,MIHONOSEKI,35.5372,133.1612,1.6,NA,“‡§,SHIMANEKEN,35.5341,133.1638,K-NET11A,,
SMN002,Ό],MATSUE,35.4714,133.0682,2.1,NA,“‡§,SHIMANEKEN,35.4683,133.0708,K-NET11A,,
SMN003,‰΅“c,YOKOTA,35.1795,133.0929,331.7,NA,“‡§,SHIMANEKEN,35.1763,133.0955,K-NET11A,,
SMN004,–Ψ,KISUKI,35.2881,132.9004,45.1,NA,“‡§,SHIMANEKEN,35.2850,132.9030,K-NET11A,,
SMN005,o‰_,IZUMO,35.3611,132.7449,8.8,NA,“‡§,SHIMANEKEN,35.3580,132.7475,K-NET11A,,
SMN006,‘ε“c,OHTA,35.1942,132.4978,36.0,NA,“‡§,SHIMANEKEN,35.1911,132.5003,K-NET11A,,
SMN007,—W’q,OCHI,35.0807,132.5914,67.0,NA,“‡§,SHIMANEKEN,35.0775,132.5939,K-NET11A,,
SMN008,•δ,MIZUHO,34.8523,132.5308,335.2,NA,“‡§,SHIMANEKEN,34.8491,132.5333,K-NET11A,,
SMN009,]’Γ,GOTSU,35.0112,132.2227,20.0,NA,“‡§,SHIMANEKEN,35.0080,132.2252,K-NET11A,,
SMN010,•l“c,HAMADA,34.8870,132.0783,113.4,NA,“‡§,SHIMANEKEN,34.8838,132.0808,K-NET11A,,
SMN011,•C©,HIKIMI,34.5718,132.0141,265.0,NA,“‡§,SHIMANEKEN,34.5686,132.0166,K-NET11A,,
SMN012,Z“ϊs,MUIKAICHI,34.3529,131.9352,300.5,NA,“‡§,SHIMANEKEN,34.3497,131.9377,K-NET11A,,
SMN013,‰v“c,MASUDA,34.6690,131.8458,27.2,NA,“‡§,SHIMANEKEN,34.6658,131.8483,K-NET11A,,
SMN014,’Γa–μ,TSUWANO,34.4668,131.7752,150.1,NA,“‡§,SHIMANEKEN,34.4636,131.7777,K-NET11A,,
SMN015,L£,HIROSE,35.3644,133.1704,32.3,NA,“‡§,SHIMANEKEN,35.3613,133.1730,K-NET11A,,
SMN016,|‡,KAKEYA,35.1957,132.8146,209.5,NA,“‡§,SHIMANEKEN,35.1925,132.8172,K-NET11A,,
SMN017,Όƒm“‡,NISHINOSHIMA,36.0933,132.9840,3.3,NA,“‡§,SHIMANEKEN,36.0902,132.9866,K-NET11A,,
SMN018,“s–,TSUMA,36.1925,133.2331,4.9,NA,“‡§,SHIMANEKEN,36.1894,133.2358,K-NET11A,,
SMN019,•z{,FUSE,36.2932,133.3561,1.7,NA,“‡§,SHIMANEKEN,36.2902,133.3588,K-NET11A,,
SMN020,‰Ί‰F•””φ,SHIMOUBEO,35.5347,133.1652,6.0,NA,“‡§,SHIMANEKEN,35.5316,133.1678,K-NET11A,,
SZO001,”MC,ATAMI,35.1424,139.0795,75.5,NA,Γ‰§,SHIZUOKAKEN,35.1391,139.0827,K-NET11A,,
SZO002,Ι“,ITO,34.9652,139.1031,44.2,NA,Γ‰§,SHIZUOKAKEN,34.9619,139.1063,K-NET11A,,
SZO003,“Ι“¤,HIGASHIIZU,34.8158,139.0546,149.3,NA,Γ‰§,SHIZUOKAKEN,34.8125,139.0577,K-NET11A,,
SZO004,“μΙ“¤,MINAMIIZU,34.6469,138.8194,50.4,NA,Γ‰§,SHIZUOKAKEN,34.6436,138.8225,K-NET11A,,
SZO005,Όθ,MATSUZAKI,34.7549,138.7841,8.5,NA,Γ‰§,SHIZUOKAKEN,34.7516,138.7872,K-NET11A,,
SZO006,“y”μ,TOI,34.9113,138.7941,6.0,NA,Γ‰§,SHIZUOKAKEN,34.9080,138.7972,K-NET11A,,
SZO007,C‘P›,SHUZENJI,34.9771,138.9466,49.3,NA,Γ‰§,SHIZUOKAKEN,34.9738,138.9497,K-NET11A,,
SZO008,ΐ’Γ,NUMAZU,35.0960,138.8657,4.7,NA,Γ‰§,SHIZUOKAKEN,35.0927,138.8688,K-NET11A,,
SZO009,–μ,SUSONO,35.1971,138.9127,180.5,NA,Γ‰§,SHIZUOKAKEN,35.1938,138.9158,K-NET11A,,
SZO010,δ“aκ,GOTEMBA,35.3134,138.9063,537,NA,Γ‰§,SHIZUOKAKEN,35.3101,138.9094,K-NET11A,,
SZO011,•xm‹{,FUJINOMIYA,35.2128,138.6016,204.0,NA,Γ‰§,SHIZUOKAKEN,35.2095,138.6047,K-NET11A,,
SZO012,—΄,KAMBARA,35.1271,138.6213,9.8,NA,Γ‰§,SHIZUOKAKEN,35.1238,138.6244,K-NET11A,,
SZO013,΄…,SHIMIZU,35.0410,138.4760,11.3,NA,Γ‰§,SHIZUOKAKEN,35.0377,138.4791,K-NET11A,,
SZO014,Γ‰,SHIZUOKA,34.9649,138.3735,18.5,NA,Γ‰§,SHIZUOKAKEN,34.9616,138.3766,K-NET11A,,
SZO015,”~ƒ–“‡,UMEGASHIMA,35.2435,138.3407,451.5,NA,Γ‰§,SHIZUOKAKEN,35.2402,138.3438,K-NET11A,,
SZO016,Δ’Γ,YAIZU,34.8566,138.3113,3.1,NA,Γ‰§,SHIZUOKAKEN,34.8533,138.3144,K-NET11A,,
SZO017,•l‰,HAMAOKA,34.6374,138.1281,8.5,NA,Γ‰§,SHIZUOKAKEN,34.6341,138.1311,K-NET11A,,
SZO018,Y΄,HAIBARA,34.7402,138.2241,3.5,NA,Γ‰§,SHIZUOKAKEN,34.7369,138.2272,K-NET11A,,
SZO019,|μ,KAKEGAWA,34.7699,137.9981,36.6,NA,Γ‰§,SHIZUOKAKEN,34.7666,138.0011,K-NET11A,,
SZO020,μ,KAWANE,35.0085,138.1474,270,NA,Γ‰§,SHIZUOKAKEN,35.0052,138.1505,K-NET02,,
SZO021,–{μ,HONKAWANE,35.0969,138.1332,441.4,NA,Γ‰§,SHIZUOKAKEN,35.0936,138.1363,K-NET11A,,
SZO022,²‹vΤ,SAKUMA,35.0916,137.8136,135.7,NA,Γ‰§,SHIZUOKAKEN,35.0883,137.8166,K-NET11A,,
SZO023,“V—³,TENRYU,34.8738,137.8164,45.7,NA,Γ‰§,SHIZUOKAKEN,34.8705,137.8194,K-NET11A,,
SZO024,•lΌ,HAMAMATSU,34.7102,137.7197,29.2,NA,Γ‰§,SHIZUOKAKEN,34.7069,137.7227,K-NET11A,,
SZO025,ΞΌ,KOSAI,34.7194,137.5314,3.5,NA,Γ‰§,SHIZUOKAKEN,34.7161,137.5344,K-NET11A,,
SZO026,t–μ,HARUNO,34.9816,137.8975,132.9,NA,Γ‰§,SHIZUOKAKEN,34.9783,137.9005,K-NET11A,,
SZO027,ΌΙ“¤,NISHIIZU,34.7903,138.8008,71.0,NA,Γ‰§,SHIZUOKAKEN,34.7870,138.8039,K-NET11A,,
SZO028,μ“ή,KAWANA,34.9524,139.1378,8.4,NA,Γ‰§,SHIZUOKAKEN,34.9491,139.1410,K-NET11B,,
TCG001,•ι,KUROISO,36.9417,140.0828,254.8,NA,“Θ–Ψ§,TOCHIGIKEN,36.9386,140.0861,K-NET11A,,
TCG002,‰–΄,SHIOBARA,36.9900,139.8033,617.8,NA,“Θ–Ψ§,TOCHIGIKEN,36.9869,139.8066,K-NET11A,,
TCG003,“΅΄,FUJIWARA,36.8144,139.7153,398.2,NA,“Θ–Ψ§,TOCHIGIKEN,36.8113,139.7186,K-NET11A,,
TCG004,“’³,YUMOTO,36.8061,139.4204,1489.6,NA,“Θ–Ψ§,TOCHIGIKEN,36.8030,139.4236,K-NET11A,,
TCG005,–ξ”Β,YAITA,36.8061,139.9264,196.6,NA,“Θ–Ψ§,TOCHIGIKEN,36.8030,139.9297,K-NET11A,,
TCG006,¬μ,OGAWA,36.7639,140.1297,122.5,NA,“Θ–Ψ§,TOCHIGIKEN,36.7608,140.1330,K-NET11A,,
TCG007,‰F“s‹{,UTSUNOMIYA,36.5692,139.8861,138.0,NA,“Θ–Ψ§,TOCHIGIKEN,36.5661,139.8894,K-NET11A,,
TCG008,­ΐ,KANUMA,36.5600,139.7675,153.1,NA,“Θ–Ψ§,TOCHIGIKEN,36.5569,139.7708,K-NET11A,,
TCG009,΅s,IMAICHI,36.7258,139.7155,361.4,NA,“Θ–Ψ§,TOCHIGIKEN,36.7227,139.7188,K-NET11A,,
TCG010,‘«”φ,ASHIO,36.6347,139.4376,640.0,NA,“Θ–Ψ§,TOCHIGIKEN,36.6316,139.4408,K-NET11A,,
TCG011,‹¶,KUZUU,36.3867,139.6145,93.3,NA,“Θ–Ψ§,TOCHIGIKEN,36.3836,139.6177,K-NET11A,,
TCG012,¬R,OYAMA,36.2859,139.8047,33.1,NA,“Θ–Ψ§,TOCHIGIKEN,36.2827,139.8080,K-NET11A,,
TCG013,^‰,MOKA,36.4368,140.0225,66.6,NA,“Θ–Ψ§,TOCHIGIKEN,36.4336,140.0258,K-NET11A,,
TCG014,–Ξ–Ψ,MOTEGI,36.5450,140.1742,130.0,NA,“Θ–Ψ§,TOCHIGIKEN,36.5419,140.1775,K-NET11A,,
TCG015,‹Ϊΐ,SERINUMA,36.7489,139.7144,217.0,NA,“Θ–Ψ§,TOCHIGIKEN,36.7458,139.7177,K-NET11A,,
TCG016,–k‚‰,KITATAKAOKA,36.5287,140.1557,223.0,NA,“Θ–Ψ§,TOCHIGIKEN,36.5256,140.1590,K-NET11A,,
TKS001,–Β–ε,NARUTO,34.2030,134.6098,2.0,NA,“Ώ“‡§,TOKUSHIMAKEN,34.1997,134.6125,K-NET11A,,
TKS002,“Ώ“‡,TOKUSHIMA,34.0438,134.5820,2.6,NA,“Ώ“‡§,TOKUSHIMAKEN,34.0405,134.5847,K-NET11A,,
TKS003,Ά“μ,ANAN,33.8716,134.6039,8.0,NA,“Ώ“‡§,TOKUSHIMAKEN,33.8683,134.6066,K-NET11A,,
TKS004,—Rς,YUKI,33.7749,134.5914,5.0,NA,“Ώ“‡§,TOKUSHIMAKEN,33.7716,134.5941,K-NET11A,,
TKS005,γ,KAMIKATSU,33.8788,134.3889,280.0,NA,“Ώ“‡§,TOKUSHIMAKEN,33.8755,134.3916,K-NET11A,,
TKS006,–΄ς,MUGI,33.6692,134.4192,2.1,NA,“Ώ“‡§,TOKUSHIMAKEN,33.6658,134.4219,K-NET11A,,
TKS007,sκ,ICHIBA,34.0905,134.2850,48.0,NA,“Ώ“‡§,TOKUSHIMAKEN,34.0872,134.2877,K-NET11A,,
TKS008,–Ψ‰®•½,KOYADAIRA,33.9344,134.2120,332.0,NA,“Ώ“‡§,TOKUSHIMAKEN,33.9311,134.2147,K-NET11A,,
TKS009,–Ψ“,KITO,33.7719,134.1995,361.9,NA,“Ώ“‡§,TOKUSHIMAKEN,33.7686,134.2022,K-NET11A,,
TKS010,’ευ,SADAMITSU,34.0380,134.0614,54.0,NA,“Ώ“‡§,TOKUSHIMAKEN,34.0347,134.0641,K-NET11A,,
TKS011,“‘c’JR,HIGASHIIYAYAMA,33.8746,133.9218,555.0,NA,“Ώ“‡§,TOKUSHIMAKEN,33.8713,133.9244,K-NET11A,,
TKS012,’r“c,IKEDA,34.0319,133.8090,130.0,NA,“Ώ“‡§,TOKUSHIMAKEN,34.0286,133.8116,K-NET11A,,
TKY001,•Xμ,HIKAWA,35.8029,139.0956,380.0,NA,“‹“s,TOKYOTO,35.7997,139.0988,K-NET11A,,
TKY002,•O΄,HINOHARA,35.7304,139.1454,301.6,NA,“‹“s,TOKYOTO,35.7272,139.1486,K-NET11A,,
TKY003,Β”~,OUME,35.7968,139.2912,180.6,NA,“‹“s,TOKYOTO,35.7936,139.2944,K-NET11A,,
TKY004,”‰¤q,HACHIOJI,35.6282,139.4034,80.9,NA,“‹“s,TOKYOTO,35.6250,139.4066,K-NET11A,,
TKY005,’¬“c,MACHIDA,35.5798,139.4137,105,NA,“‹“s,TOKYOTO,35.5766,139.4169,K-NET11A,,
TKY006,¬‹ΰδ,KOGANEI,35.6990,139.5029,71.2,NA,“‹“s,TOKYOTO,35.6958,139.5061,K-NET11A,,
TKY007,Vh,SHINJUKU,35.7107,139.6859,34.0,NA,“‹“s,TOKYOTO,35.7075,139.6891,K-NET11A,,
TKY008,‰“c,OKADA,34.7852,139.3909,67.0,NA,“‹“s ‘ε“‡x’΅,TOKYOTO OHSIMA,34.7819,139.3941,K-NET11A,,
TKY009,”g•‚`,HABUMINATO,34.6874,139.4412,60.0,NA,“‹“s ‘ε“‡x’΅,TOKYOTO OHSIMA,34.6841,139.4444,K-NET11A,,
TKY010,V“‡,NIIJIMA,34.3779,139.2573,19.0,NA,“‹“s ‘ε“‡x’΅,TOKYOTO OHSIMA,34.3745,139.2605,K-NET11A,,
TKY011,_’…,KAMITSUKI,34.1228,139.5315,42.1,NA,“‹“s O‘ξx’΅,TOKYOTO MIAKE,34.1194,139.5347,---,‹x~,suspension
TKY012,”δ,HACHIJO,33.1194,139.7987,64.0,NA,“‹“s ”δx’΅,TOKYOTO HACHIJOH,33.1158,139.8019,K-NET11A,,
TKY013,»’¬,SUNAMACHI,35.6596,139.8343,NA,NA,“‹“s,TOKYOTO,35.6564,139.8375,K-NET11A,,
TKY014,‹TΛ,KAMEIDO,35.6890,139.8354,NA,NA,“‹“s,TOKYOTO,35.6858,139.8386,K-NET11A,,
TKY015,“”’ιΆ,HIGASHISHIRAHIGE,35.7313,139.8121,NA,NA,“‹“s,TOKYOTO,35.7281,139.8153,K-NET11A,,
TKY016,“‰_,SHINONOME,35.6485,139.7990,NA,NA,“‹“s,TOKYOTO,35.6453,139.8022,K-NET11A,,
TKY017,’C–¤,TATSUMI,35.6474,139.8093,NA,NA,“‹“s,TOKYOTO,35.6442,139.8125,K-NET11A,,
TKY018,”},HACHIEDA,35.6551,139.8115,NA,NA,“‹“s,TOKYOTO,35.6519,139.8147,K-NET11A,,
TKY019,–LF,TOYOSU,35.6538,139.7948,NA,NA,“‹“s,TOKYOTO,35.6506,139.7980,---,‹x~,suspension
TKY020,‰–•l,SHIOHAMA,35.6657,139.8087,NA,NA,“‹“s,TOKYOTO,35.6625,139.8119,K-NET11A,,
TKY021,‰],SARUE,35.6876,139.8193,NA,NA,“‹“s,TOKYOTO,35.6844,139.8225,K-NET11A,,
TKY022,‰΅–Τ,YOKOAMI,35.6874,139.7962,NA,NA,“‹“s,TOKYOTO,35.6842,139.7994,K-NET11A,,
TKY023,”L,YAHIRO,35.7254,139.8249,NA,NA,“‹“s,TOKYOTO,35.7222,139.8281,K-NET11A,,
TKY024,‰Λ,OKUDO,35.7401,139.8624,NA,NA,“‹“s,TOKYOTO,35.7369,139.8656,K-NET11A,,
TKY025,Βθ,SHINOZAKI,35.7138,139.8971,NA,NA,“‹“s,TOKYOTO,35.7106,139.9003,K-NET11A,,
TKY026,‰Fμ“c,UKITA,35.6704,139.8635,NA,NA,“‹“s,TOKYOTO,35.6672,139.8667,K-NET11A,,
TKY027,],MIZUE,35.6926,139.8912,NA,NA,“‹“s,TOKYOTO,35.6894,139.8944,K-NET11A,,
TKY028,‰z’†“‡,ECCHUJIMA,35.6685,139.7893,NA,NA,“‹“s,TOKYOTO,35.6653,139.7925,K-NET11A,,
TKY029,O‘ξ,MIYAKE,34.0745,139.4793,30.9,NA,“‹“s O‘ξx’΅,TOKYOTO,34.0711,139.4825,K-NET11A,,
TTR001,αχ,WAKASA,35.3415,134.3975,219.0,NA,’Ήζ§,TOTTORIKEN,35.3383,134.4002,K-NET11A,,
TTR002,’Ήζ,TOTTORI,35.4853,134.2198,6.6,NA,’Ήζ§,TOTTORIKEN,35.4822,134.2225,K-NET11A,,
TTR003,—p£,MOCHIGASE,35.3432,134.2075,85.0,NA,’Ήζ§,TOTTORIKEN,35.3400,134.2102,K-NET11A,,
TTR004,­–μ,SHIKANO,35.4606,134.0548,50.0,NA,’Ήζ§,TOTTORIKEN,35.4574,134.0575,K-NET11A,,
TTR005,‘q‹g,KURAYOSHI,35.4290,133.8253,26.7,NA,’Ήζ§,TOTTORIKEN,35.4258,133.8280,K-NET11A,,
TTR006,Τκ,AKASAKI,35.5106,133.6303,19.5,NA,’Ήζ§,TOTTORIKEN,35.5075,133.6330,K-NET11A,,
TTR007,]•{,KOFU,35.2826,133.4876,154.9,NA,’Ήζ§,TOTTORIKEN,35.2794,133.4902,K-NET11A,,
TTR008,•Δq,YONAGO,35.4258,133.3301,1.9,NA,’Ήζ§,TOTTORIKEN,35.4227,133.3327,K-NET11A,,
TTR009,“ϊ“μ,NICHINAN,35.1708,133.3113,300.0,NA,’Ήζ§,TOTTORIKEN,35.1676,133.3139,K-NET11A,,
TYM001,‹«,SAKAI,36.9760,137.6257,7.5,NA,•xR§,TOYAMAKEN,36.9730,137.6288,K-NET02,,
TYM002,•X©,HIMI,36.8660,136.9747,3.0,NA,•xR§,TOYAMAKEN,36.8630,136.9777,K-NET02,,
TYM003,‹›’Γ,UOZU,36.8163,137.4192,46.5,NA,•xR§,TOYAMAKEN,36.8133,137.4222,K-NET02,,
TYM004,‰F“ή,UNAZUKI,36.8624,137.5274,114.3,NA,•xR§,TOYAMAKEN,36.8594,137.5305,K-NET02,,
TYM005,V–©,SHINMINATO,36.7824,137.0803,1.5,NA,•xR§,TOYAMAKEN,36.7794,137.0833,K-NET02,,
TYM006,¬–ξ•”,OYABE,36.6716,136.8970,29.0,NA,•xR§,TOYAMAKEN,36.6686,136.9000,K-NET02,,
TYM007,•xR,TOYAMA,36.6687,137.2123,16.0,NA,•xR§,TOYAMAKEN,36.6656,137.2153,K-NET02,,
TYM008,‘εR,OHYAMA,36.6086,137.2831,128.1,NA,•xR§,TOYAMAKEN,36.6055,137.2861,K-NET11B,,
TYM009,””φ,YATSUO,36.5864,137.1406,77.1,NA,•xR§,TOYAMAKEN,36.5833,137.1436,K-NET02,,
TYM010,•υ,FUKUMITSU,36.5600,136.8872,78.0,NA,•xR§,TOYAMAKEN,36.5569,136.8902,K-NET02,,
TYM011,°•Ω,ASHIKURA,36.5781,137.3850,390.0,NA,•xR§,TOYAMAKEN,36.5750,137.3880,K-NET11B,,
TYM012,—‰κ,TOGA,36.4411,137.0353,680.8,NA,•xR§,TOYAMAKEN,36.4380,137.0383,K-NET02,,
WKY001,a‰ΜR,WAKAYAMA,34.2288,135.1694,8.5,NA,a‰ΜR§,WAKAYAMAKEN,34.2255,135.1722,K-NET11A,,
WKY002,“ί‰κ,NAGA,34.2755,135.4305,59.0,NA,a‰ΜR§,WAKAYAMAKEN,34.2722,135.4333,K-NET11A,,
WKY003,—L“c,ARIDA,34.0996,135.1160,3.4,NA,a‰ΜR§,WAKAYAMAKEN,34.0963,135.1188,K-NET11A,,
WKY004,΄…,SHIMIZU,34.0841,135.4309,231.0,NA,a‰ΜR§,WAKAYAMAKEN,34.0808,135.4337,K-NET11A,,
WKY005,—΄_,RYUJIN,33.8938,135.4883,316.0,NA,a‰ΜR§,WAKAYAMAKEN,33.8905,135.4911,K-NET11A,,
WKY006,δ–V,GOBO,33.8908,135.1524,3.3,NA,a‰ΜR§,WAKAYAMAKEN,33.8875,135.1552,K-NET11A,,
WKY007,–{‹{,HONGU,33.8375,135.7735,59.0,NA,a‰ΜR§,WAKAYAMAKEN,33.8341,135.7763,K-NET11A,,
WKY008,“c•Σ,TANABE,33.7289,135.3772,4.1,NA,a‰ΜR§,WAKAYAMAKEN,33.7255,135.3800,K-NET11A,,
WKY009,V‹{,SHINGU,33.7209,135.9813,9.2,NA,a‰ΜR§,WAKAYAMAKEN,33.7175,135.9841,K-NET11A,,
WKY010,‚·‚³‚έ,SUSAMI,33.5503,135.4972,5.5,NA,a‰ΜR§,WAKAYAMAKEN,33.5469,135.5000,K-NET11A,,
WKY011,‘Ύ’n,TAIJI,33.5947,135.9460,10.0,NA,a‰ΜR§,WAKAYAMAKEN,33.5913,135.9488,K-NET11A,,
WKY012,‹ψ–{,KUSHIMOTO,33.4720,135.7835,3.0,NA,a‰ΜR§,WAKAYAMAKEN,33.4686,135.7863,K-NET11A,,
WKY013,‚–μ,KOYA,34.2160,135.5860,823.0,NA,a‰ΜR§,WAKAYAMAKEN,34.2127,135.5888,K-NET11A,,
WKY014,–Ψη,KOMORI,33.7053,135.6397,430.0,NA,a‰ΜR§,WAKAYAMAKEN,33.7019,135.6425,K-NET11A,,
YMG001,{²,SUSA,34.6173,131.6019,5.5,NA,Rϋ§,YAMAGUCHIKEN,34.6141,131.6044,K-NET11A,,
YMG002,”‹,HAGI,34.4073,131.3987,2.0,NA,Rϋ§,YAMAGUCHIKEN,34.4041,131.4011,K-NET11A,,
YMG003,¶‰_’†,IKUMONAKA,34.3829,131.6002,286.0,NA,Rϋ§,YAMAGUCHIKEN,34.3797,131.6027,K-NET11A,,
YMG004,’·–ε,NAGATO,34.3709,131.1820,6.3,NA,Rϋ§,YAMAGUCHIKEN,34.3677,131.1844,K-NET11A,,
YMG005,–L–k,HOHOKU,34.2904,130.9484,58.2,NA,Rϋ§,YAMAGUCHIKEN,34.2872,130.9508,K-NET11A,,
YMG006,–L‰Y,TOYOURA,34.1490,130.9298,5.3,NA,Rϋ§,YAMAGUCHIKEN,34.1458,130.9322,K-NET11A,,
YMG007,”ό”I,MINE,34.1657,131.2064,90.0,NA,Rϋ§,YAMAGUCHIKEN,34.1625,131.2088,K-NET11A,,
YMG008,Rϋ,YAMAGUCHI,34.0121,131.4042,4.0,NA,Rϋ§,YAMAGUCHIKEN,34.0088,131.4066,K-NET11A,,
YMG009,­–μ,KANO,34.2319,131.8169,375.0,NA,Rϋ§,YAMAGUCHIKEN,34.2286,131.8194,K-NET11A,,
YMG010,”όμ,MIKAWA,34.2304,131.9822,65.0,NA,Rϋ§,YAMAGUCHIKEN,34.2272,131.9847,K-NET11A,,
YMG011,‰ΊΦ,SHIMONOSEKI,34.0643,131.0214,24.5,NA,Rϋ§,YAMAGUCHIKEN,34.0611,131.0238,K-NET11A,,
YMG012,‰F•”,UBE,33.9941,131.2181,2.1,NA,Rϋ§,YAMAGUCHIKEN,33.9908,131.2205,K-NET11A,,
YMG013,–h•{,HOFU,34.0310,131.5348,3.0,NA,Rϋ§,YAMAGUCHIKEN,34.0277,131.5372,K-NET11A,,
YMG014,“ΏR,TOKUYAMA,34.0544,131.8077,15.0,NA,Rϋ§,YAMAGUCHIKEN,34.0511,131.8102,K-NET11A,,
YMG015,‹θ‰Ο,KUGA,34.0966,132.0758,63.5,NA,Rϋ§,YAMAGUCHIKEN,34.0933,132.0783,K-NET11A,,
YMG016,β‘,IWAKUNI,34.1699,132.1766,7.0,NA,Rϋ§,YAMAGUCHIKEN,34.1666,132.1791,K-NET11A,,
YMG017,–φδ,YANAI,33.9649,132.1011,2.0,NA,Rϋ§,YAMAGUCHIKEN,33.9616,132.1036,K-NET11A,,
YMG018,“a,TOWA,33.9091,132.3561,2.0,NA,Rϋ§,YAMAGUCHIKEN,33.9058,132.3586,K-NET11A,,
YMG019,γΦ,KAMINOSEKI,33.8455,132.1204,55.0,NA,Rϋ§,YAMAGUCHIKEN,33.8422,132.1229,K-NET11A,,
YMN001,’O”gR,TABAYAMA,35.7895,138.9198,616.7,NA,R—§,YAMANASHIKEN,35.7863,138.9230,K-NET11A,,
YMN002,‘ε,OHTSUKI,35.6132,138.9470,368.2,NA,R—§,YAMANASHIKEN,35.6100,138.9502,K-NET11A,,
YMN003,•xm‹g“c,FUJIYOSHIDA,35.4648,138.8130,846.4,NA,R—§,YAMANASHIKEN,35.4616,138.8161,K-NET11A,,
YMN004,‰–R,ENZAN,35.7020,138.7266,393.4,NA,R—§,YAMANASHIKEN,35.6988,138.7297,K-NET11A,,
YMN005,b•{,KOFU,35.6548,138.5677,263.2,NA,R—§,YAMANASHIKEN,35.6516,138.5708,K-NET11A,,
YMN006,–{²,MOTOSU,35.4684,138.6069,926.9,NA,R—§,YAMANASHIKEN,35.4652,138.6100,K-NET11A,,
YMN007,“μ•”,NAMBU,35.2791,138.4649,123.2,NA,R—§,YAMANASHIKEN,35.2758,138.4680,K-NET11A,,
YMN008,‘μ,HAYAKAWA,35.4320,138.3321,387.5,NA,R—§,YAMANASHIKEN,35.4288,138.3352,K-NET11A,,
YMN009,Z‹½,ROKUGO,35.4965,138.4627,233.0,NA,R—§,YAMANASHIKEN,35.4933,138.4658,K-NET11A,,
YMN010,{‹Κ,SUTAMA,35.7918,138.4096,529.8,NA,R—§,YAMANASHIKEN,35.7886,138.4127,K-NET11A,,
YMN011,°ΐ,ASHIYASU,35.6382,138.3835,640.0,NA,R—§,YAMANASHIKEN,35.6350,138.3866,K-NET11A,,
YMT001,π“c,SAKATA,38.9140,139.8127,3.0,NA,R`§,YAMAGATAKEN,38.9111,139.8161,K-NET11B,,
YMT002,V―,SHINJO,38.7679,140.2957,100.0,NA,R`§,YAMAGATAKEN,38.7650,140.2991,K-NET11B,,
YMT003,’ί‰,TSURUOKA,38.7292,139.8013,17.0,NA,R`§,YAMAGATAKEN,38.7263,139.8047,K-NET02,,
YMT004,‰·C,ATSUMI,38.6276,139.5889,15.0,NA,R`§,YAMAGATAKEN,38.6247,139.5922,K-NET02,,
YMT005,•Iά,HIJIORI,38.6070,140.1621,350.0,NA,R`§,YAMAGATAKEN,38.6041,140.1655,K-NET11B,,
YMT006,”φ‰Τ‘ς,OBANAZAWA,38.6001,140.4054,96.0,NA,R`§,YAMAGATAKEN,38.5972,140.4088,K-NET11B,,
YMT007,“,HIGASHINE,38.4306,140.3907,120.0,NA,R`§,YAMAGATAKEN,38.4277,140.3941,K-NET11B,,
YMT008,’†‘Ί,NAKAMURA,38.3856,139.9921,460.0,NA,R`§,YAMAGATAKEN,38.3827,139.9955,K-NET11B,,
YMT009,¦‰Ν],SAGAE,38.3898,140.2743,102.0,NA,R`§,YAMAGATAKEN,38.3869,140.2777,K-NET11B,,
YMT010,R`,YAMAGATA,38.2604,140.3488,147.0,NA,R`§,YAMAGATAKEN,38.2575,140.3522,K-NET11B,,
YMT011,γR,KAMINOYAMA,38.1502,140.2674,182.0,NA,R`§,YAMAGATAKEN,38.1472,140.2708,K-NET11B,,
YMT012,’·δ,NAGAI,38.1074,140.0428,198.0,NA,R`§,YAMAGATAKEN,38.1044,140.0461,K-NET02,,
YMT013,¬‘,OGUNI,38.0621,139.7575,50.0,NA,R`§,YAMAGATAKEN,38.0591,139.7608,K-NET02,,
YMT014,‰Ί‰®’n,SHIMOYACHI,37.9207,139.8697,370.0,NA,R`§,YAMAGATAKEN,37.9177,139.8730,K-NET02,,
YMT015,•Δ‘ς,YONEZAWA,37.9043,140.0996,252.0,NA,R`§,YAMAGATAKEN,37.9013,140.1030,K-NET11B,,
YMT016,΄μ,KIYOKAWA,38.7895,140.0185,25.0,NA,R`§,YAMAGATAKEN,38.7866,140.0219,K-NET11B,,
YMT017,V―x,SHINJO-SHISHO,38.7909,140.3130,NA,NA,R`§,YAMAGATAKEN,38.7880,140.3164,K-NET11B,,
